id,text,sent,answer
1,A metaphor by this author compares a river that rises up in a flood and then recedes to a stream to the extent that people should contemplate the nature of leadership,0,"['Franz Kafka', 'Kafka']"
1,A passage by this author is about a herald who cannot leave an extremely large palace after being entrusted with an emperor's dying message,1,"['Franz Kafka', 'Kafka']"
1,The narrator of a story by this author relates how the title structure was built piecemeal to protect from northern nomads,2,"['Franz Kafka', 'Kafka']"
1,"The posthumous publication of this author's story ""The Great Wall of China"" was overseen by Max Brod",3,"['Franz Kafka', 'Kafka']"
1,"A novel by this author, which contains the parable ""Before the Law,"" begins when two unnamed government agents arrest the bank worker Josef K",4,"['Franz Kafka', 'Kafka']"
1,"For 10 points, name this Czech author of The Trial",5,"['Franz Kafka', 'Kafka']"
2,"This organization's code of ethics calls for ""purity of arms,"" inspired by one of its predecessors' strategy of ""restraint",0,"['Israel Defense Force', 'Tzahal', 'IDF', 'Israel Defense Forces']"
2,""" This organization uses a policy of ""disproportionate force"" against infrastructure according to the Dahiya doctrine",1,"['Israel Defense Force', 'Tzahal', 'IDF', 'Israel Defense Forces']"
2,"Until 2016, this organization had a policy of preventing kidnappings ""by all means"" possible, including death, known as the Hannibal Directive",2,"['Israel Defense Force', 'Tzahal', 'IDF', 'Israel Defense Forces']"
2,"Supporters of this organization called it the ""most moral army in the world",3,"['Israel Defense Force', 'Tzahal', 'IDF', 'Israel Defense Forces']"
2,""" This organization opened fire on people trying to obtain humanitarian aid in the flour massacre",4,"['Israel Defense Force', 'Tzahal', 'IDF', 'Israel Defense Forces']"
2,Whistleblowers revealed that this organization tortured prisoners at the Sde Teiman detention camp,5,"['Israel Defense Force', 'Tzahal', 'IDF', 'Israel Defense Forces']"
2,This organization rescued four hostages in a raid on Nuseirat,6,"['Israel Defense Force', 'Tzahal', 'IDF', 'Israel Defense Forces']"
2,"For 10 points, name this national military of Israel",7,"['Israel Defense Force', 'Tzahal', 'IDF', 'Israel Defense Forces']"
3,The god Ullr carved spells into one of these objects to allow him to sail on it like a boat,0,"['bone', 'skull', 'specific bones like skull']"
3,These objects belonging to a horse are the first thing Grettir the Strong notices in the place where he fights the undead Karr the Old,1,"['bone', 'skull', 'specific bones like skull']"
3,"After his death, these objects of Ymir formed the mountains of the Earth",2,"['bone', 'skull', 'specific bones like skull']"
3,"Loki persuades Thjalfi to damage one of these objects during a meal, which results in him and his sister accompanying the trickster on his journey to face Utgard-Loki",3,"['bone', 'skull', 'specific bones like skull']"
3,The breaking of one of these objects belonging to Thor's goats causes it to end up with a limp after being resurrected,4,"['bone', 'skull', 'specific bones like skull']"
3,"For 10 points, name these objects that were broken for those goats to reach the marrow inside",5,"['bone', 'skull', 'specific bones like skull']"
4,Random numbers were generated by shuffling playing cards as part of an early computational model of this process conducted by Nils Aall Barricelli,0,"['molecular evolution', 'evolve', 'evolutionarily stable strategy', 'evolving', 'evolves', 'evolution', 'evolutionary computation']"
4,"Stuart Kauffman introduced a model that originally described this process in which ""K"" represents ""ruggedness,"" called the NK model",1,"['molecular evolution', 'evolve', 'evolutionarily stable strategy', 'evolving', 'evolves', 'evolution', 'evolutionary computation']"
4,"A tighter condition was added to the definition of Nash equilibria by John Maynard Smith to describe a ""stable strategy"" named for this process",2,"['molecular evolution', 'evolve', 'evolutionarily stable strategy', 'evolving', 'evolves', 'evolution', 'evolutionary computation']"
4,"Many modern models are based on Motoo Kimura's neutral theory of this process's ""molecular"" form",3,"['molecular evolution', 'evolve', 'evolutionarily stable strategy', 'evolving', 'evolves', 'evolution', 'evolutionary computation']"
4,"This process is often modeled as movement toward the local optimum of a ""fitness"" or ""adaptive"" landscape",4,"['molecular evolution', 'evolve', 'evolutionarily stable strategy', 'evolving', 'evolves', 'evolution', 'evolutionary computation']"
4,"For 10 points, what biological process names a type of computation inspired by natural selection?",5,"['molecular evolution', 'evolve', 'evolutionarily stable strategy', 'evolving', 'evolves', 'evolution', 'evolutionary computation']"
5,"A ruler with this name was served by the nobleman Pandulf Ironhead, who lost two sons in battle against Emir Abu'l-Qasim",0,"['Otto the Great', 'Otto', 'Ottonian Renaissance', 'Otto the Red', 'Otto I', 'Otto III', 'Otto II']"
5,A ruler with this name gave away a replica of the Holy Lance at the Congress of Gniezno,1,"['Otto the Great', 'Otto', 'Ottonian Renaissance', 'Otto the Red', 'Otto I', 'Otto III', 'Otto II']"
5,A ruler with this name swam to a Greek merchant ship for safety after losing the Battle of Stilo to a Muslim army from Sicily,2,"['Otto the Great', 'Otto', 'Ottonian Renaissance', 'Otto the Red', 'Otto I', 'Otto III', 'Otto II']"
5,"After escaping from imprisonment by Berengar II, Adelaide of Italy married a ruler with this name",3,"['Otto the Great', 'Otto', 'Ottonian Renaissance', 'Otto the Red', 'Otto I', 'Otto III', 'Otto II']"
5,"A ruler with this name arranged for his son to marry the Byzantine princess Theophanu, spurring his namesake ""Renaissance",4,"['Otto the Great', 'Otto', 'Ottonian Renaissance', 'Otto the Red', 'Otto I', 'Otto III', 'Otto II']"
5,""" That ruler with this name defeated the Magyars at the Battle of Lechfeld and was crowned by Pope John XII in 962",5,"['Otto the Great', 'Otto', 'Ottonian Renaissance', 'Otto the Red', 'Otto I', 'Otto III', 'Otto II']"
5,"For 10 points, give this name of a German king widely regarded as the first Holy Roman Emperor",6,"['Otto the Great', 'Otto', 'Ottonian Renaissance', 'Otto the Red', 'Otto I', 'Otto III', 'Otto II']"
6,A book titled for this genre features a chimeric demon who hides in a black cloud each night before being shot down by an arrow,0,"['tale', 'Tale', 'tales', 'Taketori Monogatari', 'Genji Monogatari', 'monogatari', 'The Tale of Genji', 'Tale of the Heike', 'Monogatari', 'stories', 'The Tale of the Bamboo Cutter', 'Heike Monogatari']"
6,"That book titled for this genre includes an ""Initiates' Book"" that discusses the initiation of an Empress into a Buddhist convent after her son drowns",1,"['tale', 'Tale', 'tales', 'Taketori Monogatari', 'Genji Monogatari', 'monogatari', 'The Tale of Genji', 'Tale of the Heike', 'Monogatari', 'stories', 'The Tale of the Bamboo Cutter', 'Heike Monogatari']"
6,"In a book titled for this genre, an infant princess from the moon is found inside a stalk by an old man",2,"['tale', 'Tale', 'tales', 'Taketori Monogatari', 'Genji Monogatari', 'monogatari', 'The Tale of Genji', 'Tale of the Heike', 'Monogatari', 'stories', 'The Tale of the Bamboo Cutter', 'Heike Monogatari']"
6,"This genre titles narratives ""of the Heike"" and ""of the Bamboo Cutter",3,"['tale', 'Tale', 'tales', 'Taketori Monogatari', 'Genji Monogatari', 'monogatari', 'The Tale of Genji', 'Tale of the Heike', 'Monogatari', 'stories', 'The Tale of the Bamboo Cutter', 'Heike Monogatari']"
6,""" A character marries the daughter of the Minister of the Left in a novel titled for this genre, whose title character is banished to Suma after an affair with a concubine",4,"['tale', 'Tale', 'tales', 'Taketori Monogatari', 'Genji Monogatari', 'monogatari', 'The Tale of Genji', 'Tale of the Heike', 'Monogatari', 'stories', 'The Tale of the Bamboo Cutter', 'Heike Monogatari']"
6,"Lady Aoi's husband courts Lady Utsusemi and Lady Fujitsubo in a novel whose title is named after, for 10 points, what genre ""of Genji""?",5,"['tale', 'Tale', 'tales', 'Taketori Monogatari', 'Genji Monogatari', 'monogatari', 'The Tale of Genji', 'Tale of the Heike', 'Monogatari', 'stories', 'The Tale of the Bamboo Cutter', 'Heike Monogatari']"
7,"Susie Scott argued that locations described by this word allow people to pursue ""Reinvented Identities",0,"['total prestation', 'totalitarianism', 'total war', 'total institutions', 'total social facts', 'total fertility rate', 'total']"
7,""" Locations described by this word alter people's personality through the process of resocialization, inducing conformity through reward and punishment",1,"['total prestation', 'totalitarianism', 'total war', 'total institutions', 'total social facts', 'total fertility rate', 'total']"
7,This word modifies the fertility rate that gives the expected number of children a woman will have,2,"['total prestation', 'totalitarianism', 'total war', 'total institutions', 'total social facts', 'total fertility rate', 'total']"
7,"Marcel Mauss likened ""entire social systems"" to ""social facts"" described by this word",3,"['total prestation', 'totalitarianism', 'total war', 'total institutions', 'total social facts', 'total fertility rate', 'total']"
7,"Orphanages, cloisters, and jails are among the ""institutions"" Erving Goffman described by this word",4,"['total prestation', 'totalitarianism', 'total war', 'total institutions', 'total social facts', 'total fertility rate', 'total']"
7,"Social scientists have studied the effects of unrestricted weapons use in a type of ""war"" named for this word",5,"['total prestation', 'totalitarianism', 'total war', 'total institutions', 'total social facts', 'total fertility rate', 'total']"
7,"For 10 points, what word meaning ""complete"" or ""absolute"" names an autocratic ""-ism"" similar to authoritarianism?",6,"['total prestation', 'totalitarianism', 'total war', 'total institutions', 'total social facts', 'total fertility rate', 'total']"
8,"During this war, Dona Jesus Dosamentes ""unsexed"" herself to disguise herself as a captain of one side",0,"['Mexican-American', 'Mexican-American War']"
8,The Revolt of the Polkos began after church land was nationalized during this war,1,"['Mexican-American', 'Mexican-American War']"
8,"Luis Gonzaga Cuevas helped negotiate the treaty that ended this war, which was followed up by territorial concessions in the Treaty of Mesilla",2,"['Mexican-American', 'Mexican-American War']"
8,"A force in this war attempted to use ""La Vomito,"" or yellow fever, to weaken a force that later killed the ""Six Heroes",3,"['Mexican-American', 'Mexican-American War']"
8,""" John Riley led the Saint Patrick's battalion during this war",4,"['Mexican-American', 'Mexican-American War']"
8,The winning side in this war took Chapultepec Castle after it was reinforced by Antonio Lopez de Santa Anna,5,"['Mexican-American', 'Mexican-American War']"
8,"For 10 points, name this war that was ended by the Treaty of Guadalupe Hidalgo, which was fought against America's southern neighbor",6,"['Mexican-American', 'Mexican-American War']"
9,"This piece extensively uses the motif of a descending major ninth where the second note is accented in a bergamask dance, sometimes called the ""Dance of Clowns",0,"[""Incidental Music to A Midsummer Night's Dream"", 'op', ""Midsummer Night's Dream Mendelssohn op 21"", 'Mendelssohn', '21', '61', ""Felix Mendelssohn's opus 61"", 'Mendelssohn op 61', ""Midsummer Night's Dream""]"
9,""" This piece opens with a series of whole-note woodwind chords in E major that progressively expand in range",1,"[""Incidental Music to A Midsummer Night's Dream"", 'op', ""Midsummer Night's Dream Mendelssohn op 21"", 'Mendelssohn', '21', '61', ""Felix Mendelssohn's opus 61"", 'Mendelssohn op 61', ""Midsummer Night's Dream""]"
9,"A melody beginning ""C, B, short F sharp - A"" follows a trumpet fanfare in a movement of this piece",2,"[""Incidental Music to A Midsummer Night's Dream"", 'op', ""Midsummer Night's Dream Mendelssohn op 21"", 'Mendelssohn', '21', '61', ""Felix Mendelssohn's opus 61"", 'Mendelssohn op 61', ""Midsummer Night's Dream""]"
9,"Bassoons accompany the horn melody in a nocturne from this piece that follows the song ""what hempen homespuns",3,"[""Incidental Music to A Midsummer Night's Dream"", 'op', ""Midsummer Night's Dream Mendelssohn op 21"", 'Mendelssohn', '21', '61', ""Felix Mendelssohn's opus 61"", 'Mendelssohn op 61', ""Midsummer Night's Dream""]"
9,""" This piece borrowed music from its composer's earlier concert overture on the same subject that imitates the braying of Bottom and contains a famous wedding march",4,"[""Incidental Music to A Midsummer Night's Dream"", 'op', ""Midsummer Night's Dream Mendelssohn op 21"", 'Mendelssohn', '21', '61', ""Felix Mendelssohn's opus 61"", 'Mendelssohn op 61', ""Midsummer Night's Dream""]"
9,"For 10 points, name this piece composed to accompany a Shakespeare play, by Felix Mendelssohn",5,"[""Incidental Music to A Midsummer Night's Dream"", 'op', ""Midsummer Night's Dream Mendelssohn op 21"", 'Mendelssohn', '21', '61', ""Felix Mendelssohn's opus 61"", 'Mendelssohn op 61', ""Midsummer Night's Dream""]"
10,"The axial current, which is more commonly named for this property, is conserved if there is this sort of symmetry but is not conserved in the Adler-Bell-Jackiw anomaly",0,"['chiral symmetry', 'chiral anomaly', 'chirality', 'chiral', 'chiral current', 'CP', 'word forms until CP is read', 'CP symmetry violation', 'word forms like chiral', 'parity violation', 'CP violation', 'word forms', 'violation']"
10,A Lorentz-invariant quantity with this name equals helicity for massless particles,1,"['chiral symmetry', 'chiral anomaly', 'chirality', 'chiral', 'chiral current', 'CP', 'word forms until CP is read', 'CP symmetry violation', 'word forms like chiral', 'parity violation', 'CP violation', 'word forms', 'violation']"
10,The discovery that an interaction had this property resolved the tau-theta puzzle,2,"['chiral symmetry', 'chiral anomaly', 'chirality', 'chiral', 'chiral current', 'CP', 'word forms until CP is read', 'CP symmetry violation', 'word forms like chiral', 'parity violation', 'CP violation', 'word forms', 'violation']"
10,"The beta decay of cobalt-60 has this property, as proven by Chien-Shiung Wu",3,"['chiral symmetry', 'chiral anomaly', 'chirality', 'chiral', 'chiral current', 'CP', 'word forms until CP is read', 'CP symmetry violation', 'word forms like chiral', 'parity violation', 'CP violation', 'word forms', 'violation']"
10,"Because it has this property and violates charge conjugation symmetry, the decay of neutral kaons violates CP symmetry",4,"['chiral symmetry', 'chiral anomaly', 'chirality', 'chiral', 'chiral current', 'CP', 'word forms until CP is read', 'CP symmetry violation', 'word forms like chiral', 'parity violation', 'CP violation', 'word forms', 'violation']"
10,Molecules with this property have nonzero optical activity and rotate the polarization of light,5,"['chiral symmetry', 'chiral anomaly', 'chirality', 'chiral', 'chiral current', 'CP', 'word forms until CP is read', 'CP symmetry violation', 'word forms like chiral', 'parity violation', 'CP violation', 'word forms', 'violation']"
10,"For 10 points, what property of objects that cannot be superimposed on their mirror images can be used to define handedness?",6,"['chiral symmetry', 'chiral anomaly', 'chirality', 'chiral', 'chiral current', 'CP', 'word forms until CP is read', 'CP symmetry violation', 'word forms like chiral', 'parity violation', 'CP violation', 'word forms', 'violation']"
11,John Francis Appleby made his fortune by developing a device for harvesting this crop,0,['wheat']
11,"Oliver Dalrymple and the Grandin Brothers owned ""bonanza farms"" that produced this crop",1,['wheat']
11,Facilities that primarily stored this crop were modernized by an invention by Joseph Dart,2,['wheat']
11,Mennonite immigrants from Russia introduced the Turkey Red variant of this crop to the US,3,['wheat']
11,The Confederacy's primary center of production for this crop was Shenandoah Valley,4,['wheat']
11,Regulations on facilities that primarily stored this crop were the subject of the cases Wabash v,5,['wheat']
11,Illinois and Munn v,6,['wheat']
11,Illinois,7,['wheat']
11,"Innovations like the McCormick reaper significantly increased this crop's production, primarily cultivated in the Great Plains",8,['wheat']
11,"For 10 points, name this crop processed into flour",9,['wheat']
12,"Unlike other exceptions to the Madelung rule, this element has exactly zero electrons in its valence s-orbital",0,"['Pd until mention', 'Pd', 'palladium']"
12,This element is poisoned by barium sulfate in the Rosenmund reduction,1,"['Pd until mention', 'Pd', 'palladium']"
12,"The Fleischmann-Pons experiment attempted to catalyze cold fusion with an electrode of this element since it adsorbs nearly 1,000 times its volume in hydrogen at room temperature",2,"['Pd until mention', 'Pd', 'palladium']"
12,"Rhodium, platinum, and this element are used in catalytic converters",3,"['Pd until mention', 'Pd', 'palladium']"
12,"Negishi, Suzuki, and Heck won the 2010 Nobel Prize for their work on cross-coupling reactions catalyzed by this element",4,"['Pd until mention', 'Pd', 'palladium']"
12,This element is poisoned in a catalyst that hydrogenates alkynes(“al- KINES”) to alkenes(“al-KEENS”) named for Herbert Lindlar,5,"['Pd until mention', 'Pd', 'palladium']"
12,"For 10 points, name this transition metal with an atomic number of 46 and chemical symbol Pd",6,"['Pd until mention', 'Pd', 'palladium']"
13,A memoir titled Life with [this artist] written with Carlton Lake recounts how he blacklisted a former partner among art dealers to ruin her art career,0,"['Picasso', 'Pablo Picasso', 'Pablo Ruiz Picasso] [The first line refers to Françoise Gilot.']"
13,A hiatus from painting in this artist's fifties led to his poetry collection named The Burial of the Count of Orgaz,1,"['Picasso', 'Pablo Picasso', 'Pablo Ruiz Picasso] [The first line refers to Françoise Gilot.']"
13,This artist was inspired by an Afghan hound to create a 50-foot-tall sculpture located in the Chicago Loop,2,"['Picasso', 'Pablo Picasso', 'Pablo Ruiz Picasso] [The first line refers to Françoise Gilot.']"
13,He depicted a firing squad firing at nude children and women in his Massacre in Korea,3,"['Picasso', 'Pablo Picasso', 'Pablo Ruiz Picasso] [The first line refers to Françoise Gilot.']"
13,A woman wearing a red tutu sits apart from other circus performers in this artist's Family of Saltimbanques,4,"['Picasso', 'Pablo Picasso', 'Pablo Ruiz Picasso] [The first line refers to Françoise Gilot.']"
13,"A work by this artist depicts a flower growing by the hand of a dead man who still holds a sword, as well as a screaming woman holding a dead baby below a bull",5,"['Picasso', 'Pablo Picasso', 'Pablo Ruiz Picasso] [The first line refers to Françoise Gilot.']"
13,"For 10 points, name this painter of Guernica",6,"['Picasso', 'Pablo Picasso', 'Pablo Ruiz Picasso] [The first line refers to Françoise Gilot.']"
14,"A fisherman with this condition tells a proud maiden who paced ""by the nets on the pebbly shore"" that ""you are not so fair",0,"['elderly', 'being old', 'The Meditation Of The Old Fisherman', 'no country for old men', 'being aged', 'When You Are Old', 'aged', 'an aged man', 'old', 'Old', 'being elderly']"
14,""" In a poem titled for this condition, the speaker says that only ""one man loved the pilgrim soul in you, and loved the sorrows of your changing face",1,"['elderly', 'being old', 'The Meditation Of The Old Fisherman', 'no country for old men', 'being aged', 'When You Are Old', 'aged', 'an aged man', 'old', 'Old', 'being elderly']"
14,""" Love fled ""and hid his face amid a crowd of stars"" in a poem titled for this condition based on a Ronsard sonnet",2,"['elderly', 'being old', 'The Meditation Of The Old Fisherman', 'no country for old men', 'being aged', 'When You Are Old', 'aged', 'an aged man', 'old', 'Old', 'being elderly']"
14,"The speaker claims that ""my circus animals were all on show"" until this condition set in",3,"['elderly', 'being old', 'The Meditation Of The Old Fisherman', 'no country for old men', 'being aged', 'When You Are Old', 'aged', 'an aged man', 'old', 'Old', 'being elderly']"
14,"A poem titled for this condition imagines Maud Gonne ""grey and full of sleep",4,"['elderly', 'being old', 'The Meditation Of The Old Fisherman', 'no country for old men', 'being aged', 'When You Are Old', 'aged', 'an aged man', 'old', 'Old', 'being elderly']"
14,""" A man with this quality ""is but a paltry thing, a tattered coat upon a stick"" in ""Sailing Towards Byzantium",5,"['elderly', 'being old', 'The Meditation Of The Old Fisherman', 'no country for old men', 'being aged', 'When You Are Old', 'aged', 'an aged man', 'old', 'Old', 'being elderly']"
14,""" For 10 points, W",6,"['elderly', 'being old', 'The Meditation Of The Old Fisherman', 'no country for old men', 'being aged', 'When You Are Old', 'aged', 'an aged man', 'old', 'Old', 'being elderly']"
14,B,7,"['elderly', 'being old', 'The Meditation Of The Old Fisherman', 'no country for old men', 'being aged', 'When You Are Old', 'aged', 'an aged man', 'old', 'Old', 'being elderly']"
14,"Yeats wrote about how ""that is no country"" for men with what quality?",8,"['elderly', 'being old', 'The Meditation Of The Old Fisherman', 'no country for old men', 'being aged', 'When You Are Old', 'aged', 'an aged man', 'old', 'Old', 'being elderly']"
15,Practitioners of this religion symbolically cut open a doorway with a white-handled knife also used for cooking,0,"['Wicca', 'Wiccan']"
15,"In this religion, the athame is purified after being touched by others",1,"['Wicca', 'Wiccan']"
15,"A text from this religion is copied and modified by each successive owner; that text, which includes the chant Eko Eko Azarak, is the Book of Shadows",2,"['Wicca', 'Wiccan']"
15,Initiates in this religion raise a cone of power during an esbat,3,"['Wicca', 'Wiccan']"
15,"Like Thelema, this religion instructs ""do what ye will,"" a principle known as its Rede",4,"['Wicca', 'Wiccan']"
15,"The Wheel of the Year structures this religion's seasonal festivals, which were popularized by Gerald Gardner",5,"['Wicca', 'Wiccan']"
15,This religion's two major deities are the Triple Goddess and the Horned God,6,"['Wicca', 'Wiccan']"
15,"For 10 points, covens practice witchcraft in what neopagan religion?",7,"['Wicca', 'Wiccan']"
16,A form of this quantity is defined as the number of small balls needed to cover the information contained in a larger ball and is named after Patrice Assouad,0,"['Minkowski dimension', 'fractal dimension', 'Hausdorff dimension', 'dimension', 'Assouad dimension', 'upper box-counting dimension']"
16,A form of this quantity is defined as the limit of the ratio of the logarithm of the number of boxes to the logarithm of one over the size of the boxes,1,"['Minkowski dimension', 'fractal dimension', 'Hausdorff dimension', 'dimension', 'Assouad dimension', 'upper box-counting dimension']"
16,The rank-nullity theorem compares different values of this quantity for vector spaces,2,"['Minkowski dimension', 'fractal dimension', 'Hausdorff dimension', 'dimension', 'Assouad dimension', 'upper box-counting dimension']"
16,This quantity is the log of 3 divided by the log of 2 for the Sierpinski triangle,3,"['Minkowski dimension', 'fractal dimension', 'Hausdorff dimension', 'dimension', 'Assouad dimension', 'upper box-counting dimension']"
16,"Felix Hausdorff is the namesake of a form of this quantity, which is often non-integer for fractals",4,"['Minkowski dimension', 'fractal dimension', 'Hausdorff dimension', 'dimension', 'Assouad dimension', 'upper box-counting dimension']"
16,This quantity is the minimum number of coordinates needed to uniquely define a point,5,"['Minkowski dimension', 'fractal dimension', 'Hausdorff dimension', 'dimension', 'Assouad dimension', 'upper box-counting dimension']"
16,"For 10 points, name this quantity that is one for a line and two for the plane",6,"['Minkowski dimension', 'fractal dimension', 'Hausdorff dimension', 'dimension', 'Assouad dimension', 'upper box-counting dimension']"
17,The protagonist of a story by this author helps his friend Elvis realize that he isn't the father of his mistress' son,0,"['Junot Díaz', 'Díaz']"
17,"Another story by this author ends with the instructions to ""put the government cheese back in its place before your mom kills you",1,"['Junot Díaz', 'Díaz']"
17,""" Beli sees a faceless man waving at her before discovering she is pregnant with the Gangster's child in a novel by this author, who is known for his characteristic second-person point-of-view",2,"['Junot Díaz', 'Díaz']"
17,"This author's story ""How to Date a Brown Girl"" and collection This is How You Lose Her are narrated by a recurring character who describes a fukú curse inflicted by Rafael Trujillo",3,"['Junot Díaz', 'Díaz']"
17,"Yunior de las Casas was created by, for 10 points, what author of The Brief and Wondrous Life of Oscar Wao?",4,"['Junot Díaz', 'Díaz']"
18,"During a blizzard in 1922, a theater of this name in Washington, DC, collapsed, killing 98 people in the deadliest disaster in the city's history",0,"['Diedrich Knickerbocker', 'knickerbocker', 'knick', 'knicks', 'Knickerbocker']"
18,"It's not ""banker,"" but the Panic of 1907 is sometimes called the panic of these people",1,"['Diedrich Knickerbocker', 'knickerbocker', 'knick', 'knicks', 'Knickerbocker']"
18,A baseball team of this name founded by Alexander Cartwright in 1845 formalized 20 eponymous rules that helped codify the modern game of baseball,2,"['Diedrich Knickerbocker', 'knickerbocker', 'knick', 'knicks', 'Knickerbocker']"
18,"A character of this surname was held to have gone missing before the publication of an 1809 ""history"" that popularized his baggy-kneed pants",3,"['Diedrich Knickerbocker', 'knickerbocker', 'knick', 'knicks', 'Knickerbocker']"
18,That character of this surname is the purported author of Washington Irving's A History of New York,4,"['Diedrich Knickerbocker', 'knickerbocker', 'knick', 'knicks', 'Knickerbocker']"
18,"For 10 points, give this term for the semi-legendary aristocracy of New Netherland, which also lends its name to a New York basketball team",5,"['Diedrich Knickerbocker', 'knickerbocker', 'knick', 'knicks', 'Knickerbocker']"
19,"An eight-count dance from this country that translates as ""old style"" employs ""low to the ground"" footwork and emphasizes the accented ""batter",0,"['Poblacht na hÉireann', 'Republic of Ireland', 'Éire', 'Ireland']"
19,""" A ""long dance"" from this country starts with a row of men facing a row of women",1,"['Poblacht na hÉireann', 'Republic of Ireland', 'Éire', 'Ireland']"
19,This is the westernmost of two countries where women dancers wear rawhide shoes called pampooties,2,"['Poblacht na hÉireann', 'Republic of Ireland', 'Éire', 'Ireland']"
19,"With an eastern neighbor, this country's dancers employ pairs of lines called heys in a dance called ceili",3,"['Poblacht na hÉireann', 'Republic of Ireland', 'Éire', 'Ireland']"
19,Lord of the Dance was created in this country after Michael Flatley left one that put on jigs and reels,4,"['Poblacht na hÉireann', 'Republic of Ireland', 'Éire', 'Ireland']"
19,The bodhrán and uilleann pipes accompany dances from this country put on by Riverdance,5,"['Poblacht na hÉireann', 'Republic of Ireland', 'Éire', 'Ireland']"
19,"For 10 points, name this country whose dances may date back to a celebration in County Cork",6,"['Poblacht na hÉireann', 'Republic of Ireland', 'Éire', 'Ireland']"
20,"According to Aristotle, this leader came to power a decade after the Alcmeonidae family helped put down the revolt of Olympian Cylon",0,"['Draco', 'Dracoian']"
20,This man was the earlier of two leaders to have proclamations etched onto tablets that pivoted around a four-sided pyramid,1,"['Draco', 'Dracoian']"
20,"According to the Suda, this leader died at the theater after suffocating under clothing that the crowd threw on him out of praise",2,"['Draco', 'Dracoian']"
20,A debtor whose social status was below that of his creditor was forced into slavery under laws enacted by this leader,3,"['Draco', 'Dracoian']"
20,The right for a victim's relatives to punish a murderer was the only legislation introduced by this leader not to be repealed by Solon,4,"['Draco', 'Dracoian']"
20,"For 10 points, name this Athenian leader whose name became an adjective for very strict rules",5,"['Draco', 'Dracoian']"
21,A small cloud in this shape can form when a fast-moving object lowers the temperature of the surrounding air,0,"['conic sections', 'vapor cones', 'Hertzian cones', 'cone', 'Mach cones', 'conic', 'light cones', 'cones']"
21,Heinrich Hertz studied how small objects moving through a solid produce these shapes,1,"['conic sections', 'vapor cones', 'Hertzian cones', 'cone', 'Mach cones', 'conic', 'light cones', 'cones']"
21,Kruskal-Szekeres coordinates undo the general relativistic distortion of these shapes,2,"['conic sections', 'vapor cones', 'Hertzian cones', 'cone', 'Mach cones', 'conic', 'light cones', 'cones']"
21,One over beta equals the half-angle of one of these shapes created by Cherenkov radiation,3,"['conic sections', 'vapor cones', 'Hertzian cones', 'cone', 'Mach cones', 'conic', 'light cones', 'cones']"
21,The edges of these shapes on Minkowski diagrams show events that can be reached by a light ray,4,"['conic sections', 'vapor cones', 'Hertzian cones', 'cone', 'Mach cones', 'conic', 'light cones', 'cones']"
21,The shock wave created by a sonic boom makes one of these shapes named for Ernst Mach,5,"['conic sections', 'vapor cones', 'Hertzian cones', 'cone', 'Mach cones', 'conic', 'light cones', 'cones']"
21,Intersecting one of these shapes with a plane can generate any Keplerian orbit,6,"['conic sections', 'vapor cones', 'Hertzian cones', 'cone', 'Mach cones', 'conic', 'light cones', 'cones']"
21,"For 10 points, ellipses and hyperbolas are examples of what shape's namesake ""sections?""",7,"['conic sections', 'vapor cones', 'Hertzian cones', 'cone', 'Mach cones', 'conic', 'light cones', 'cones']"
22,"In a story by this author, Ernest searches for someone who resembles a rock formation to fulfill a prophecy, only for a poet to realize Ernest resembles it",0,"['Hawthorne', 'Nathaniel Hawthorne']"
22,"The title character of a story by this author declares, ""I shall have built my monument!"" before he and the family he visits are killed by a rock slide",1,"['Hawthorne', 'Nathaniel Hawthorne']"
22,"This author of ""The Great Stone Face"" and ""The Ambitious Guest"" wrote a story in which Aminadab helps Aylmer create an elixir to remove the title hand- shaped feature from Georgiana",2,"['Hawthorne', 'Nathaniel Hawthorne']"
22,The protagonist of a story by this author meets a man with a serpent-shaped staff while walking through the woods before seeing Goody Cloyse and his wife Faith at a witches' sabbath,3,"['Hawthorne', 'Nathaniel Hawthorne']"
22,"For 10 points, name this author of ""The Birthmark"" and ""Young Goodman Brown",4,"['Hawthorne', 'Nathaniel Hawthorne']"
22,"""",5,"['Hawthorne', 'Nathaniel Hawthorne']"
23,"A portrait by this artist has a lily pond border containing the words ""crane"" and ""frog,"" which serve as double entendres alluding to the woman's job as a courtesan",0,"['Vincent van Gogh', 'Vincent Willem van Gogh', 'van Gogh']"
23,This artist used a sky of deep ultramarine as the background of his portrait of Eugène Boch as The Poet,1,"['Vincent van Gogh', 'Vincent Willem van Gogh', 'van Gogh']"
23,This artist sent a portrait of himself with a pale green background as part of an exchange with Émile Bernard,2,"['Vincent van Gogh', 'Vincent Willem van Gogh', 'van Gogh']"
23,This artist displayed his collection of prints by depicting Mount Fuji in the background of his portrait of the straw hat-wearing Julien Tanguy,3,"['Vincent van Gogh', 'Vincent Willem van Gogh', 'van Gogh']"
23,Hokusai's Great Wave may have inspired swirls in a painting showing this artist's view of cypress trees from an asylum near Saint-Rémy,4,"['Vincent van Gogh', 'Vincent Willem van Gogh', 'van Gogh']"
23,"For 10 points, name this Dutch artist of The Starry Night",5,"['Vincent van Gogh', 'Vincent Willem van Gogh', 'van Gogh']"
24,"A king of this ethnic group and his ally, Stotzas, were opposed by Governor John Troglita",0,"['Zenata', 'Berbers', 'Amazigh', 'Tuareg', 'Jarawa', 'Sanhaja', 'Imazighen', 'Kutama', 'Berber']"
24,This ethnic group failed to capture Kairouan in a 740 revolt originally led by Maysara,1,"['Zenata', 'Berbers', 'Amazigh', 'Tuareg', 'Jarawa', 'Sanhaja', 'Imazighen', 'Kutama', 'Berber']"
24,"The Battle of Meskiana was won by a queen of this ethnic group, Kahina",2,"['Zenata', 'Berbers', 'Amazigh', 'Tuareg', 'Jarawa', 'Sanhaja', 'Imazighen', 'Kutama', 'Berber']"
24,"This is the primary ethnic group who traditionally wear indigo-dyed ""tagelmust"" veils",3,"['Zenata', 'Berbers', 'Amazigh', 'Tuareg', 'Jarawa', 'Sanhaja', 'Imazighen', 'Kutama', 'Berber']"
24,Arabs and this ethnic group are mentioned in the full title of Ibn Khaldūn's Muqaddimah,4,"['Zenata', 'Berbers', 'Amazigh', 'Tuareg', 'Jarawa', 'Sanhaja', 'Imazighen', 'Kutama', 'Berber']"
24,A member of this ethnic group led the Umayyad conquest of al-Andalus and gave his name to the Strait of Gibraltar,5,"['Zenata', 'Berbers', 'Amazigh', 'Tuareg', 'Jarawa', 'Sanhaja', 'Imazighen', 'Kutama', 'Berber']"
24,People from this ethnic group founded the Almoravid dynasty after they were converted to Islam during the conquest of the Maghreb,6,"['Zenata', 'Berbers', 'Amazigh', 'Tuareg', 'Jarawa', 'Sanhaja', 'Imazighen', 'Kutama', 'Berber']"
24,"For 10 points, name this North African ethnic group that inspired the name of Barbary pirates",7,"['Zenata', 'Berbers', 'Amazigh', 'Tuareg', 'Jarawa', 'Sanhaja', 'Imazighen', 'Kutama', 'Berber']"
25,Four monophonic melodies and three contrafacta accompanying vocal parts from this country survive among the repertoire of Marcabru,0,"['française', 'République française', 'France', 'French', 'French Republic']"
25,"Two voices converse in the partimen genre of choral works from this country called tenso, some of which were composed by Peirol",1,"['française', 'République française', 'France', 'French', 'French Republic']"
25,"The line ""I must sing of what I do not want"" opens a piece from this country by Beatriz that exemplifies the canso style",2,"['française', 'République française', 'France', 'French', 'French Republic']"
25,A composer from this country named Jaufre Rudel was depicted in Kaija Saariaho's Love From Afar,3,"['française', 'République française', 'France', 'French', 'French Republic']"
25,"A school of polyphonic music led by Leonin and Perotin was located in this country, whose composers Arnaut Daniel and Bertran de Born wrote songs of chivalry",4,"['française', 'République française', 'France', 'French', 'French Republic']"
25,"The oldest Ordinary Mass setting by a single composer was written by a composer from, for 10 points, what country of the medieval troubadours and Guillaume de Machaut?",5,"['française', 'République française', 'France', 'French', 'French Republic']"
26,One of these objects is stolen by the six-year-old son of a poor maid by using shelves to form a walkway to a fastened window,0,"['necklace', 'necklaces', 'Necklace', ""The Queen's Necklace"", 'parure']"
26,"A woman is ""lost in ecstasy"" when she looks at herself in a mirror after passing over a Venetian Cross to instead select one of these objects from a black satin box",1,"['necklace', 'necklaces', 'Necklace', ""The Queen's Necklace"", 'parure']"
26,A historical one of these objects titles a Maurice Leblanc story and an Alexandre Dumas novel,2,"['necklace', 'necklaces', 'Necklace', ""The Queen's Necklace"", 'parure']"
26,"In a story titled for one of these objects, the materialistic wife of a clerk at the Ministry of Public Instruction dreams of ""dainty dinners"" as her husband eats his soup",3,"['necklace', 'necklaces', 'Necklace', ""The Queen's Necklace"", 'parure']"
26,Mathilde Loisel takes up housework for ten years after losing one of these items at a ball,4,"['necklace', 'necklaces', 'Necklace', ""The Queen's Necklace"", 'parure']"
26,"For 10 points, name these pieces of jewelry, one of which titles a story by Guy de Maupassant",5,"['necklace', 'necklaces', 'Necklace', ""The Queen's Necklace"", 'parure']"
27,The top edge of this structure's cavity is denoted by the linea terminalis,0,"['pelvic girdle', 'pelvic cavity', 'pelvic', 'pelvic diaphragm', 'pelvis', 'pelvic floor']"
27,A diaphragm named for this structure is formed by the coccygeus muscle and levator ani,1,"['pelvic girdle', 'pelvic cavity', 'pelvic', 'pelvic diaphragm', 'pelvis', 'pelvic floor']"
27,The hormone relaxin is named for its ability to loosen this structure,2,"['pelvic girdle', 'pelvic cavity', 'pelvic', 'pelvic diaphragm', 'pelvis', 'pelvic floor']"
27,"Cartilage in this structure is severed in a symphysiotomy, a procedure that saw the first medical use of the chainsaw",3,"['pelvic girdle', 'pelvic cavity', 'pelvic', 'pelvic diaphragm', 'pelvis', 'pelvic floor']"
27,"The acetabulum is a concave surface formed by three bones in this structure, including the ilium and ischium, which fuse together during puberty",4,"['pelvic girdle', 'pelvic cavity', 'pelvic', 'pelvic diaphragm', 'pelvis', 'pelvic floor']"
27,"The sacrum and coccyx form part of the ""girdle"" of this structure",5,"['pelvic girdle', 'pelvic cavity', 'pelvic', 'pelvic diaphragm', 'pelvis', 'pelvic floor']"
27,"Kegel exercises strengthen muscles in this structure's ""floor",6,"['pelvic girdle', 'pelvic cavity', 'pelvic', 'pelvic diaphragm', 'pelvis', 'pelvic floor']"
27,""" For 10 points, name this structure located below the abdomen, which contains the hip bones",7,"['pelvic girdle', 'pelvic cavity', 'pelvic', 'pelvic diaphragm', 'pelvis', 'pelvic floor']"
28,"A critic dubbed one of this thinker's ideas the ""strong systematicity condition,"" in which any equipment traces a path through involvement space to create a vast network",0,"['Heidegger', 'Martin Heidegger']"
28,Hubert Dreyfus' commentaries on this thinker have led to a portmanteau of their names,1,"['Heidegger', 'Martin Heidegger']"
28,This thinker defined fear in relation to particular things and angst in relation to indefinite things,2,"['Heidegger', 'Martin Heidegger']"
28,This thinker advocated destroying ancient ontology to determine the original meanings of ancient philosophical concepts,3,"['Heidegger', 'Martin Heidegger']"
28,"This thinker used the example of a hammer to distinguish between ""present-at-hand"" and ""ready-at-hand",4,"['Heidegger', 'Martin Heidegger']"
28,""" This thinker's magnum opus refers to the form of being specific to humans as dasein",5,"['Heidegger', 'Martin Heidegger']"
28,"For 10 points, name this author of Being and Time, a Nazi German philosopher",6,"['Heidegger', 'Martin Heidegger']"
29,Description acceptable,0,"['Story of the Cranes', 'Satanic Verses', ""Muhammad's recitation of the Satanic Verses""]"
29,"The common term for this event comes from a biography by William Muir, though a popularizer claims to have taken the term from al-Tabari",1,"['Story of the Cranes', 'Satanic Verses', ""Muhammad's recitation of the Satanic Verses""]"
29,Early accounts likely glossed over this event due to the doctrine of ismat al-anbiya,2,"['Story of the Cranes', 'Satanic Verses', ""Muhammad's recitation of the Satanic Verses""]"
29,"The question ""Are you to have the males, and he the females?"" replaced a statement about ""gharāniq"" during this event",3,"['Story of the Cranes', 'Satanic Verses', ""Muhammad's recitation of the Satanic Verses""]"
29,"""Exalted cranes"" were allegedly praised for their intercession in this event, in which Manāt, Al- ʻUzzā, and al-Lāt were invoked",4,"['Story of the Cranes', 'Satanic Verses', ""Muhammad's recitation of the Satanic Verses""]"
29,This event titles a book whose reception was profiled in A Brief History of Blasphemy and which prompted Ruhollah Khomeini's fatwa on an Indian author,5,"['Story of the Cranes', 'Satanic Verses', ""Muhammad's recitation of the Satanic Verses""]"
29,"For 10 points, Muhammed allegedly uttered blasphemous statements in what event that names a novel by Salman Rushdie?",6,"['Story of the Cranes', 'Satanic Verses', ""Muhammad's recitation of the Satanic Verses""]"
30,"Although it was first discovered by Simon Stevin, this scientist is typically credited with the observation that the pressure at the base of a container does not depend on the container's shape, called the hydrostatic paradox",0,"['Blaise Pascal', ""Pascal's law"", 'Pascal', ""Pascal's principle""]"
30,"This scientist apocryphally poured water through a long tube into a sealed barrel, causing it to rupture",1,"['Blaise Pascal', ""Pascal's law"", 'Pascal', ""Pascal's principle""]"
30,This scientist invented the hydraulic press,2,"['Blaise Pascal', ""Pascal's law"", 'Pascal', ""Pascal's principle""]"
30,"The equation ""delta-p equals rho g delta-h"" is a special case of this scientist's principle, which states that the force exerted on an incompressible fluid is evenly distributed",3,"['Blaise Pascal', ""Pascal's law"", 'Pascal', ""Pascal's principle""]"
30,One reference unit equals 101,4,"['Blaise Pascal', ""Pascal's law"", 'Pascal', ""Pascal's principle""]"
30,3 thousand of a unit named for this scientist that equals a Newton per square meter,5,"['Blaise Pascal', ""Pascal's law"", 'Pascal', ""Pascal's principle""]"
30,"For 10 points, identify this scientist who names the SI unit of pressure",6,"['Blaise Pascal', ""Pascal's law"", 'Pascal', ""Pascal's principle""]"
31,"This story illustrates ""the hopeless resignation of the old, sometimes miscalled apathy"" by describing a sleepless woman who weeps by her window at night",0,"[""Monkey's Paw"", ""The Monkey's Paw""]"
31,"In the second of this story's three sections, a representative from Maw and Meggins travels to a house in a bog, informing the residents that he is to offer them two hundred pounds due to a machinery accident",1,"[""Monkey's Paw"", ""The Monkey's Paw""]"
31,"This story ends as a ""knocking ceased suddenly"" outside the house of Mr",2,"[""Monkey's Paw"", ""The Monkey's Paw""]"
31,and Mrs,3,"[""Monkey's Paw"", ""The Monkey's Paw""]"
31,White,4,"[""Monkey's Paw"", ""The Monkey's Paw""]"
31,"A Sergeant-Major who spent twenty-one years in India appears in this story, which relates how a fakir cursed an object to grant three wishes to three people",5,"[""Monkey's Paw"", ""The Monkey's Paw""]"
31,"For 10 points, name this horror story by W",6,"[""Monkey's Paw"", ""The Monkey's Paw""]"
31,W,7,"[""Monkey's Paw"", ""The Monkey's Paw""]"
31,Jacobs titled for a simian appendage,8,"[""Monkey's Paw"", ""The Monkey's Paw""]"
32,Eight of these objects give their name to a fresco that wrapped along three walls of Room 5 of the West House in Akrotiri,0,"['ships', 'boats', 'galley', 'ship', 'boat', 'triremes', 'trireme', 'warships', 'galleys']"
32,"Moschion of Phaselis reported the size of one of these objects, part of which was supported by four massive statues of Atlas, and which included a small temple to Aphrodite",1,"['ships', 'boats', 'galley', 'ship', 'boat', 'triremes', 'trireme', 'warships', 'galleys']"
32,Hiero II commissioned a large one of objects for Ptolemy III called the Syracusia,2,"['ships', 'boats', 'galley', 'ship', 'boat', 'triremes', 'trireme', 'warships', 'galleys']"
32,People who worked with these objects often used a document called a periplus,3,"['ships', 'boats', 'galley', 'ship', 'boat', 'triremes', 'trireme', 'warships', 'galleys']"
32,Silver from Laurium was used to fund the construction of hundreds of these objects after lobbying from Themistocles,4,"['ships', 'boats', 'galley', 'ship', 'boat', 'triremes', 'trireme', 'warships', 'galleys']"
32,Archimedes may have designed a claw to shake these objects and a heat ray designed to set them on fire,5,"['ships', 'boats', 'galley', 'ship', 'boat', 'triremes', 'trireme', 'warships', 'galleys']"
32,"For 10 points, name these vehicles whose trireme variety included three rows of oars",6,"['ships', 'boats', 'galley', 'ship', 'boat', 'triremes', 'trireme', 'warships', 'galleys']"
33,"This organization's ""empire"" was accused of robbing billions of dollars from its Black members in a 2020 essay written by Ellen J",0,"['National Collegiate Athletic Association', 'N.C.A.A.']"
33,Staurowsky and Ramogi Huma,1,"['National Collegiate Athletic Association', 'N.C.A.A.']"
33,"In March 2024, this organization appealed a decision by the NLRB that allowed Romeo Myrthil and Cade Haskins to unionize against this organization",2,"['National Collegiate Athletic Association', 'N.C.A.A.']"
33,The Supreme Court case [this organization] v,3,"['National Collegiate Athletic Association', 'N.C.A.A.']"
33,"Alston, which built upon a 2014 antitrust lawsuit filed by Ed O'Bannon, led this organization to issue a temporary NIL policy",4,"['National Collegiate Athletic Association', 'N.C.A.A.']"
33,"Many state laws, including California's Fair Pay to Play Act, allow members of this organization to receive endorsements and scholarships to cover educational costs",5,"['National Collegiate Athletic Association', 'N.C.A.A.']"
33,"For 10 points, name this collegiate organization that oversees athletics programs",6,"['National Collegiate Athletic Association', 'N.C.A.A.']"
34,Specific term required,0,"['Putsch', 'Munich Putsch', 'Beer Hall Putsch', 'Kapp Putsch', 'putsch']"
34,The namesake of one of these events employed former British MP and conman Ignaz Trebitsch-Lincoln as his press censor,1,"['Putsch', 'Munich Putsch', 'Beer Hall Putsch', 'Kapp Putsch', 'putsch']"
34,"The Honor Temples were built to inter sixteen ""blood witnesses"" killed during one of these events",2,"['Putsch', 'Munich Putsch', 'Beer Hall Putsch', 'Kapp Putsch', 'putsch']"
34,The terrorist group Organisation Consul was created after a general strike caused the failure of one of these events led by Walther von Lüttwitz,3,"['Putsch', 'Munich Putsch', 'Beer Hall Putsch', 'Kapp Putsch', 'putsch']"
34,"The interruption of a speech by Gustav von Kahr began one of these events, after which a wounded Hermann Göring developed his morphine addiction",4,"['Putsch', 'Munich Putsch', 'Beer Hall Putsch', 'Kapp Putsch', 'putsch']"
34,"After supporting one named for Wolfgang Kapp, Erich Ludendorff helped lead another of them with a man who, after its failure, wrote Mein Kampf",5,"['Putsch', 'Munich Putsch', 'Beer Hall Putsch', 'Kapp Putsch', 'putsch']"
34,"For 10 points, Adolf Hitler was imprisoned for leading what kind of event named for a Munich beer hall?",6,"['Putsch', 'Munich Putsch', 'Beer Hall Putsch', 'Kapp Putsch', 'putsch']"
35,The two-volume albums Kinfolk and Pocket Change are by a player of this instrument named Nate Smith,0,"['drum set', 'trap set', 'drum kit', 'drums']"
35,"A song by a player of this instrument begins with the lyric, ""whisper, listen, whisper, listen"" sung by his then-wife Abbey Lincoln",1,"['drum set', 'trap set', 'drum kit', 'drums']"
35,"A player of this instrument wrote ""Freedom Day"" and ""Driva’ Man"" for the album We Insist: Freedom Now Suite",2,"['drum set', 'trap set', 'drum kit', 'drums']"
35,"Two players of this instrument were called ""Papa"" and ""Philly"" because they were both named Joe Jones",3,"['drum set', 'trap set', 'drum kit', 'drums']"
35,"Alongside Horace Silver, a player of this non-bass instrument recorded Bobby Timmons’s song ""Moanin'"" with his Jazz Messengers",4,"['drum set', 'trap set', 'drum kit', 'drums']"
35,"Players of this instrument, like Max Roach and Art Blakey, often play a swing groove on the ride or the hi-hat",5,"['drum set', 'trap set', 'drum kit', 'drums']"
35,"For 10 points, name this percussion instrument that often comes in a ""set",6,"['drum set', 'trap set', 'drum kit', 'drums']"
35,"""",7,"['drum set', 'trap set', 'drum kit', 'drums']"
36,One framework for this programming language has a convention-over-configuration extension partly named Boot,0,"['Java', 'JavaFX']"
36,"3D rendering tools were added to this language's currently supported user interface framework, which adds the letters ""F-X"" to this language's name",1,"['Java', 'JavaFX']"
36,The Model-View-Controller principle is used to configure GUI modules in this language's Spring Framework,2,"['Java', 'JavaFX']"
36,"AWT is this language's legacy GUI toolkit that was expanded upon in the Swing toolkit, which can be used in IDEs such as Netbeans",3,"['Java', 'JavaFX']"
36,"Gridworld was a graphical tool in this language developed for the AP Computer Science curriculum, which is currently taught using this language",4,"['Java', 'JavaFX']"
36,"For 10 points, name this programming language whose logo is a cup of coffee",5,"['Java', 'JavaFX']"
37,"The ""father of objective psychology"" from this country outlined the hippocampus' role in memory and names a degenerative arthritis of the spine",0,"['Soviet Union', 'USSR', 'Rossija', 'Russia', 'Union of Soviet Socialist Republics', 'Republics', 'Belarus', 'Union of Soviet Socialist', 'Union of Soviet Socialist  Republics']"
37,"Psychologists from this country advanced activity theory, which is used to understand a person's mental capabilities",1,"['Soviet Union', 'USSR', 'Rossija', 'Russia', 'Union of Soviet Socialist Republics', 'Republics', 'Belarus', 'Union of Soviet Socialist', 'Union of Soviet Socialist  Republics']"
37,A Neuropsychological Battery named for Nebraska and a psychologist from this country draws on research from The Mind of a Mnemonist,2,"['Soviet Union', 'USSR', 'Rossija', 'Russia', 'Union of Soviet Socialist Republics', 'Republics', 'Belarus', 'Union of Soviet Socialist', 'Union of Soviet Socialist  Republics']"
37,"This home country of Lina Stern was home to a psychologist who outlined a gap between what a learner can and can't do with support, the ""zone of proximal development",3,"['Soviet Union', 'USSR', 'Rossija', 'Russia', 'Union of Soviet Socialist Republics', 'Republics', 'Belarus', 'Union of Soviet Socialist', 'Union of Soviet Socialist  Republics']"
37,""" A psychologist from this country pioneered classical conditioning in a study using a buzzer to train dogs to salivate",4,"['Soviet Union', 'USSR', 'Rossija', 'Russia', 'Union of Soviet Socialist Republics', 'Republics', 'Belarus', 'Union of Soviet Socialist', 'Union of Soviet Socialist  Republics']"
37,"For 10 points, name this home country of Alexander Luria, Lev Vygotsky, and Ivan Pavlov",5,"['Soviet Union', 'USSR', 'Rossija', 'Russia', 'Union of Soviet Socialist Republics', 'Republics', 'Belarus', 'Union of Soviet Socialist', 'Union of Soviet Socialist  Republics']"
38,"While escaping an enemy, this figure cursed a tooth that became Chicken Rock",0,"['Fionn mac Cumhaill', 'Finn MacCool', 'Deinme']"
38,"In some stories, this figure encounters his demigod son with the daughter of Bodb Derg during an argument over a roasted pig",1,"['Fionn mac Cumhaill', 'Finn MacCool', 'Deinme']"
38,"Although water drunk from his hands has healing powers, this figure refuses to use it when Diarmud is severely injured during a boar hunt",2,"['Fionn mac Cumhaill', 'Finn MacCool', 'Deinme']"
38,"This figure's hounds, Bran and Sceolang, introduced him to his first wife when they recognized her as a deer",3,"['Fionn mac Cumhaill', 'Finn MacCool', 'Deinme']"
38,The poet Finegas gives this figure a creature that ate nine hazelnuts that fell into the Well of Wisdom,4,"['Fionn mac Cumhaill', 'Finn MacCool', 'Deinme']"
38,This hero gains a great deal of wisdom after sucking his finger he burnt while cooking the Salmon of Knowledge,5,"['Fionn mac Cumhaill', 'Finn MacCool', 'Deinme']"
38,"For 10 points, name this hero from Irish mythology who leads the Fianna",6,"['Fionn mac Cumhaill', 'Finn MacCool', 'Deinme']"
39,"An eyewitness account of a ""crisis"" that occurred in this city was written by Elizabeth Huckaby",0,['Little Rock']
39,"Daisy Bates's memoir is titled after the ""long shadow"" of this city, which was led by Mayor Woodrow Wilson Mann",1,['Little Rock']
39,Photojournalist Will Counts was nominated for a Pulitzer for his photographs of a woman in this city being harassed by Hazel Bryan,2,['Little Rock']
39,The unanimous decision in Cooper v,3,['Little Rock']
39,Aaron bolstered a group in this city that included Minnijean Brown and Elizabeth Eckford,4,['Little Rock']
39,"After Governor Orval Faubus delayed the implementation of a 1954 Supreme Court ruling, the 101st Airborne Division helped protect a group of students in this city",5,['Little Rock']
39,"For 10 points, name this city whose namesake ""nine"" integrated public schools in Arkansas",6,['Little Rock']
40,"The main character of a play by this author says, ""There are some things that grown-ups just won't discuss,"" whispering the names of diseases like cancer, diphtheria, and asthma to explain how Aunt Blanche became a widow and moved in with his family",0,"['Simon', 'Neil Simon']"
40,A play by this author follows a World War Two private who is forced to do two hundred push-ups while training under Sergeant Toomey in Mississippi,1,"['Simon', 'Neil Simon']"
40,This author's semi-autobiographical trilogy of plays about Eugene Jerome includes Brighton Beach Memoirs and Biloxi Blues,2,"['Simon', 'Neil Simon']"
40,Another comedy by this author opens during a poker game hosted by a slovenly sportswriter and portrays the mismatched friends-turned-roommates Felix Unger and Oscar Madison,3,"['Simon', 'Neil Simon']"
40,"For 10 points, name this playwright of The Odd Couple",4,"['Simon', 'Neil Simon']"
41,This work inspired a painting in which a man pulls the arm of a woman in a green and red dress to his face by Dante Gabriel Rossetti,0,"['Hamlet', 'The Tragedy of Hamlet, Prince of Denmark']"
41,A woman in white is held back by a man who holds his arm to the sky in a Benjamin West painting of this work for a John Boydell collection,1,"['Hamlet', 'The Tragedy of Hamlet, Prince of Denmark']"
41,Richard Dadd depicted this work's title character and his mother in front of a dark background subtitled The Closet Scene,2,"['Hamlet', 'The Tragedy of Hamlet, Prince of Denmark']"
41,An artist depicted a woman from this work brushing her hair as she sits on a willow branch extending over a lily pond,3,"['Hamlet', 'The Tragedy of Hamlet, Prince of Denmark']"
41,Lamps below a tub kept Elizabeth Siddal warm while modeling for a painting of this play in which she holds her hands face-up and stares upward as she drowns,4,"['Hamlet', 'The Tragedy of Hamlet, Prince of Denmark']"
41,"John Waterhouse and John Everett Millais depicted, for 10 points, what play's character Ophelia?",5,"['Hamlet', 'The Tragedy of Hamlet, Prince of Denmark']"
42,"One of these characters lists four truths, including that ""all comfort is achieved through hardship,"" while getting some food stuck in a tooth on New Year's Day",0,"['cats', 'neko', 'cat', 'equivalents']"
42,"In a novel, a postman diagnosed with terminal cancer is offered an extra day of life in exchange for the disappearance of these characters",1,"['cats', 'neko', 'cat', 'equivalents']"
42,One of these characters witnesses a burglar steal a box of yams before later being caught and forced to apologize,2,"['cats', 'neko', 'cat', 'equivalents']"
42,One of these animals uses the unusual pronoun wagahai and narrates a novel in which Avalon Coldmoon courts the spoiled Opula Goldfield,3,"['cats', 'neko', 'cat', 'equivalents']"
42,One of these animals lives with Mr,4,"['cats', 'neko', 'cat', 'equivalents']"
42,Sneaze and drowns in a barrel at the end of a novel which satirizes Meiji society,5,"['cats', 'neko', 'cat', 'equivalents']"
42,"For 10 points, name this type of animal that titles a Natsume Sōseki novel",6,"['cats', 'neko', 'cat', 'equivalents']"
43,Reagent sprayers can be used to achieve more even results in this technique,0,"['TLC', 'thin-layer chromatography']"
43,"It's not electrophoresis, but a mixture of membrane lipids is subjected to this technique and then transferred to a PVDF membrane in a far-Eastern blot",1,"['TLC', 'thin-layer chromatography']"
43,Iodine vapor is used to stain ninhydrin when using this technique to detect amines,2,"['TLC', 'thin-layer chromatography']"
43,Samples are often placed for this technique using a broken pipette or a glass spotting capillary tube,3,"['TLC', 'thin-layer chromatography']"
43,"Like a similar technique using paper, this technique finds the retardation factor by dividing the solute distance by the solvent front distance",4,"['TLC', 'thin-layer chromatography']"
43,"For 10 points, name this form of chromatography in which capillary action draws a sample through a silica plate",5,"['TLC', 'thin-layer chromatography']"
44,This country's capital is home to an Arc de Triomphe-inspired monument whose name translates to Victory Gate and includes designs of the kinnara,0,"['Laos', ""Lao People's Democratic Republic"", 'Lao PDR']"
44,The chili wood plant sankhaan is used in a stew from this country called Or Lam,1,"['Laos', ""Lao People's Democratic Republic"", 'Lao PDR']"
44,"An archipelago in this country, the 4,000 Islands, is located in a river on its western border near Pakse",2,"['Laos', ""Lao People's Democratic Republic"", 'Lao PDR']"
44,"This country's highest point, Phou Bia, has been inaccessible to mountain climbers due to unexploded ordnance",3,"['Laos', ""Lao People's Democratic Republic"", 'Lao PDR']"
44,"Tourists to this country can see the daily procession of monks collecting alms in a city whose name translates to ""Royal Buddha Image",4,"['Laos', ""Lao People's Democratic Republic"", 'Lao PDR']"
44,""" American bombs heavily damaged the Plain of Jars in this country, where the city of Luang Prabang is located",5,"['Laos', ""Lao People's Democratic Republic"", 'Lao PDR']"
44,"For 10 points, Vientiane is the capital of what landlocked Southeast Asian country?",6,"['Laos', ""Lao People's Democratic Republic"", 'Lao PDR']"
45,This composer alternated between 9/8 and 12/8 time in the allegro scherzando movement of a concerto dedicated to Alexander Siloti,0,"['Rachmaninoff', 'Sergei Vasilyevich Rachmaninoff', 'Sergei Rachmaninoff']"
45,A concerto by this composer was the final piece Yunchan Lim performed at the 2022 Cliburn Competition,1,"['Rachmaninoff', 'Sergei Vasilyevich Rachmaninoff', 'Sergei Rachmaninoff']"
45,"The notes ""D, F, E, D, C#, D, E, D"" open the piano part in the allegro ma non tanto movement of a concerto by this composer",2,"['Rachmaninoff', 'Sergei Vasilyevich Rachmaninoff', 'Sergei Rachmaninoff']"
45,Vladimir Horowitz recorded a 1909 D minor concerto by this composer written for a U,3,"['Rachmaninoff', 'Sergei Vasilyevich Rachmaninoff', 'Sergei Rachmaninoff']"
45,S,4,"['Rachmaninoff', 'Sergei Vasilyevich Rachmaninoff', 'Sergei Rachmaninoff']"
45,tour,5,"['Rachmaninoff', 'Sergei Vasilyevich Rachmaninoff', 'Sergei Rachmaninoff']"
45,The moderato of a piano concerto by this composer opens with a bell- like F minor chord followed by a low F,6,"['Rachmaninoff', 'Sergei Vasilyevich Rachmaninoff', 'Sergei Rachmaninoff']"
45,This composer's C minor piano concerto was dedicated to his physician Nikolai Dahl,7,"['Rachmaninoff', 'Sergei Vasilyevich Rachmaninoff', 'Sergei Rachmaninoff']"
45,"For 10 points, name this Russian composer of four piano concertos and Rhapsody on a Theme of Paganini",8,"['Rachmaninoff', 'Sergei Vasilyevich Rachmaninoff', 'Sergei Rachmaninoff']"
46,"After the killing of three Black men, a town on this island hid their bodies for over fifty years",0,"['Okinawa Island', 'Okinawa']"
46,The gangrape of a 12-year-old girl triggered massive protests on this island against the Anpo Treaty,1,"['Okinawa Island', 'Okinawa']"
46,"Taco rice was popularized by servicemen on this island, polluted by runoff from the Kadena Air Base",2,"['Okinawa Island', 'Okinawa']"
46,"The USS Bunker Hill was damaged off this island, where a Confederate flag was raised over its Shuri Castle",3,"['Okinawa Island', 'Okinawa']"
46,"Richard Nixon signed a reversion agreement relinquishing this island, though an American base on this island is still named for Simon Bolivar Buckner, Jr",4,"['Okinawa Island', 'Okinawa']"
46,"The nickname ""typhoon of steel"" was given to this Ryukyu island following a 1945 battle",5,"['Okinawa Island', 'Okinawa']"
46,"For 10 points, name this island, the site of the Pacific Theater's bloodiest battle during World War II",6,"['Okinawa Island', 'Okinawa']"
47,"In a novel by this author, a lawyer from the firm McAllister, Robjent, Reed, and McGee bribes 57 women to make false parentage claims",0,"['Kurt Vonnegut Jr.', 'Vonnegut']"
47,"In that novel by this author, a firefighter suffers a mental breakdown before spending a year in a mental institution",1,"['Kurt Vonnegut Jr.', 'Vonnegut']"
47,"In another novel by this author, a character who wrote a book concerning a world full of robots has his finger bitten by the Pontiac salesman Dwayne Hoover",2,"['Kurt Vonnegut Jr.', 'Vonnegut']"
47,That novel by this author contains a waitress who refers to a martini as the title meal and uses drawings by the author in place of descriptive language,3,"['Kurt Vonnegut Jr.', 'Vonnegut']"
47,"For 10 points, name this author of the novels God Bless You, Mr",4,"['Kurt Vonnegut Jr.', 'Vonnegut']"
47,"Rosewater and Breakfast of Champions, both of which feature the fictional author Kilgore Trout",5,"['Kurt Vonnegut Jr.', 'Vonnegut']"
48,"Richard Pettibone created several ""appropriation"" paintings showing these objects, including one in which a train runs over them",0,"['soup cans', 'Campbell soup cans', ""Campbell's soup cans"", 'Campbell']"
48,A George Lois magazine cover shows a giant one of these objects and a man throwing his hands up,1,"['soup cans', 'Campbell soup cans', ""Campbell's soup cans"", 'Campbell']"
48,"In 2016, several paintings of these objects were stolen from a museum in Springfield, Missouri",2,"['soup cans', 'Campbell soup cans', ""Campbell's soup cans"", 'Campbell']"
48,"The Primus Stuart Gallery placed a mocking sign reading ""Do Not Be Misled",3,"['soup cans', 'Campbell soup cans', ""Campbell's soup cans"", 'Campbell']"
48,Get the Original,4,"['soup cans', 'Campbell soup cans', ""Campbell's soup cans"", 'Campbell']"
48,""" after an exhibition of these objects opened at the Ferus Gallery",5,"['soup cans', 'Campbell soup cans', ""Campbell's soup cans"", 'Campbell']"
48,Roberta Latow helped inspire paintings of these objects shown with peeled and torn labels,6,"['soup cans', 'Campbell soup cans', ""Campbell's soup cans"", 'Campbell']"
48,That collection consists of 32 paintings of these red and white objects,7,"['soup cans', 'Campbell soup cans', ""Campbell's soup cans"", 'Campbell']"
48,"For 10 points, what products that include ""Vegetable Beef"" and ""Tomato"" were painted by Andy Warhol?",8,"['soup cans', 'Campbell soup cans', ""Campbell's soup cans"", 'Campbell']"
49,This leader codified the declarative theory of statehood at an international conference attended by female representative Sophonisba Breckinridge,0,"['FDR', 'Franklin Delano Roosevelt', 'Roosevelt', 'F', 'F Roosevelt']"
49,"At the Montevideo Convention, this leader announced an initiative under which he commissioned the film Saludos Amigos",1,"['FDR', 'Franklin Delano Roosevelt', 'Roosevelt', 'F', 'F Roosevelt']"
49,"Samba performer Carmen Miranda was criticized for her work under this leader, who drafted the constitution of Haiti and later ended its occupation",2,"['FDR', 'Franklin Delano Roosevelt', 'Roosevelt', 'F', 'F Roosevelt']"
49,"To remedy a labor shortage, this leader hired Mexican farmworkers under the Bracero Program, which his successor ended",3,"['FDR', 'Franklin Delano Roosevelt', 'Roosevelt', 'F', 'F Roosevelt']"
49,"This man's Secretary of State, Cordell Hull, sent Walt Disney on a tour of South America as part of his Good Neighbor policy",4,"['FDR', 'Franklin Delano Roosevelt', 'Roosevelt', 'F', 'F Roosevelt']"
49,"For 10 points, name this president whose diplomacy in Latin America earned him support during World War II",5,"['FDR', 'Franklin Delano Roosevelt', 'Roosevelt', 'F', 'F Roosevelt']"
50,The number of steps in a procedure named after this mathematician was shown to be bounded by one of its inputs by Antoine Reynaud,0,"['Euclidean domains', ""Euclid's lemma"", 'Euclidean', 'extended Euclidean algorithm', 'Euclid', 'Euclidean algorithm']"
50,"Division with remainder can be defined in integral domains named after this mathematician, which are always principal ideal domains",1,"['Euclidean domains', ""Euclid's lemma"", 'Euclidean', 'extended Euclidean algorithm', 'Euclid', 'Euclidean algorithm']"
50,Consecutive Fibonacci numbers give the worst run time of a procedure named after this mathematician,2,"['Euclidean domains', ""Euclid's lemma"", 'Euclidean', 'extended Euclidean algorithm', 'Euclid', 'Euclidean algorithm']"
50,The coefficients of Bezout's identity can be computed using a version of an algorithm named after this mathematician,3,"['Euclidean domains', ""Euclid's lemma"", 'Euclidean', 'extended Euclidean algorithm', 'Euclid', 'Euclidean algorithm']"
50,"A lemma named after this mathematician states if a prime divides the product of two numbers, it must divide at least one of the two numbers",4,"['Euclidean domains', ""Euclid's lemma"", 'Euclidean', 'extended Euclidean algorithm', 'Euclid', 'Euclidean algorithm']"
50,"For 10 points, name this ancient Greek ""father of geometry"" who wrote The Elements",5,"['Euclidean domains', ""Euclid's lemma"", 'Euclidean', 'extended Euclidean algorithm', 'Euclid', 'Euclidean algorithm']"
51,"It's not the Han, but a queen of this dynasty included the chapter ""Speech and Comportment"" in her Instructions for Women",0,"['Joseon dynasty', 'Joseon', 'Choson', 'Choson dynasty']"
51,The first female doctor to attend a ruler of this dynasty was celebrated in the TV show A Jewel in the Palace,1,"['Joseon dynasty', 'Joseon', 'Choson', 'Choson dynasty']"
51,"The HMS Flying Fish was used to evacuate soldiers after this dynasty's army began the Imo Incident, which included an assassination attempt on an empress whose death ended the Gabo Reforms",2,"['Joseon dynasty', 'Joseon', 'Choson', 'Choson dynasty']"
51,A ruler of this dynasty fled to the Russian ligation after the assassination of an empress who opposed this dynasty's yangban class,3,"['Joseon dynasty', 'Joseon', 'Choson', 'Choson dynasty']"
51,This dynasty was forced to accept extraterritoriality in the Treaty of Ganghwa,4,"['Joseon dynasty', 'Joseon', 'Choson', 'Choson dynasty']"
51,"For 10 points, Myeongseong was killed by the Japanese before their annexation of which final imperial Korean dynasty?",5,"['Joseon dynasty', 'Joseon', 'Choson', 'Choson dynasty']"
52,"Victoria Fromkin is best known for studying mistakes in this process, whose forms include exchange and addition",0,"['speech errors', 'talking', 'speak', 'pronunciation', 'speech processing', 'talk', 'speech perception', 'speech', 'answers such as speaking']"
52,"The interpretation of this process is central to a connectionist model by James McClelland and Jeffrey Elman that analyzed the ""segmentation problem,"" called TRACE",1,"['speech errors', 'talking', 'speak', 'pronunciation', 'speech processing', 'talk', 'speech perception', 'speech', 'answers such as speaking']"
52,Children were reprimanded for their imperfections in this process in Mary Tudor and Wendell Johnson's Monster study,2,"['speech errors', 'talking', 'speak', 'pronunciation', 'speech processing', 'talk', 'speech perception', 'speech', 'answers such as speaking']"
52,Visual cues can interfere with the perception of this process in the McGurk effect,3,"['speech errors', 'talking', 'speak', 'pronunciation', 'speech processing', 'talk', 'speech perception', 'speech', 'answers such as speaking']"
52,"Linguists have studied so-called ""errors"" in this non-memory process, which Freud called ""parapraxis"" when done unconsciously",4,"['speech errors', 'talking', 'speak', 'pronunciation', 'speech processing', 'talk', 'speech perception', 'speech', 'answers such as speaking']"
52,People struggle with this process in conditions called apraxia and aphasia,5,"['speech errors', 'talking', 'speak', 'pronunciation', 'speech processing', 'talk', 'speech perception', 'speech', 'answers such as speaking']"
52,"For 10 points, name this process that may be impeded by stutters or lisps",6,"['speech errors', 'talking', 'speak', 'pronunciation', 'speech processing', 'talk', 'speech perception', 'speech', 'answers such as speaking']"
53,The rate of one of these reactions rapidly increases due to localized increases in viscosity in autoacceleration,0,"['free radical polymerization', 'equivalents like making polymers', 'polymer', 'chain-growth polymerization', 'polymerization', 'step-growth polymerization']"
53,"Heeger, MacDiarmid, and Shirakawa won the 2000 Nobel Prize in Chemistry for the development of types of these reactions that produce conductive organic products",1,"['free radical polymerization', 'equivalents like making polymers', 'polymer', 'chain-growth polymerization', 'polymerization', 'step-growth polymerization']"
53,Telechelic molecules are capable of repeatedly performing these reactions,2,"['free radical polymerization', 'equivalents like making polymers', 'polymer', 'chain-growth polymerization', 'polymerization', 'step-growth polymerization']"
53,"A D-stroke symbolizes dispersity, which characterizes the products of these reactions",3,"['free radical polymerization', 'equivalents like making polymers', 'polymer', 'chain-growth polymerization', 'polymerization', 'step-growth polymerization']"
53,These reactions are living when they lack transfer and termination steps,4,"['free radical polymerization', 'equivalents like making polymers', 'polymer', 'chain-growth polymerization', 'polymerization', 'step-growth polymerization']"
53,These reactions can proceed via a step-growth or chain-growth mechanism,5,"['free radical polymerization', 'equivalents like making polymers', 'polymer', 'chain-growth polymerization', 'polymerization', 'step-growth polymerization']"
53,"Addition and condensation are the two main types of these reactions, which are used to produce PETE and polystyrene",6,"['free radical polymerization', 'equivalents like making polymers', 'polymer', 'chain-growth polymerization', 'polymerization', 'step-growth polymerization']"
53,"For 10 points, name these reactions that link together monomers",7,"['free radical polymerization', 'equivalents like making polymers', 'polymer', 'chain-growth polymerization', 'polymerization', 'step-growth polymerization']"
54,A character with this profession is raised by Urganda the Unknown and spends time on Poor Mountain,0,"['Knight', 'knight errant', 'knight', 'any specific titles such as Knight of the White Moon', 'caballero', 'Knight of the Wood', 'knights', 'caballero andante', 'cavaller']"
54,Joanot Martorell created a character with this profession in the novel Tirant lo Blanch,1,"['Knight', 'knight errant', 'knight', 'any specific titles such as Knight of the White Moon', 'caballero', 'Knight of the Wood', 'knights', 'caballero andante', 'cavaller']"
54,A character who seeks entry into this profession offers to keep an all-night vigil in a chapel during a conversation with a befuddled landlord,2,"['Knight', 'knight errant', 'knight', 'any specific titles such as Knight of the White Moon', 'caballero', 'Knight of the Wood', 'knights', 'caballero andante', 'cavaller']"
54,"Amadís of Gaul centers on a character with this profession, who is idolized by a man claiming to have the helmet of Mambrino",3,"['Knight', 'knight errant', 'knight', 'any specific titles such as Knight of the White Moon', 'caballero', 'Knight of the Wood', 'knights', 'caballero andante', 'cavaller']"
54,A barber and other characters burn a library of books about characters with this profession,4,"['Knight', 'knight errant', 'knight', 'any specific titles such as Knight of the White Moon', 'caballero', 'Knight of the Wood', 'knights', 'caballero andante', 'cavaller']"
54,Samson Carrasco pretends to have this profession and defeats a character who rides the horse Rocinante,5,"['Knight', 'knight errant', 'knight', 'any specific titles such as Knight of the White Moon', 'caballero', 'Knight of the Wood', 'knights', 'caballero andante', 'cavaller']"
54,"For 10 points, Don Quixote madly believes he has what chivalrous profession?",6,"['Knight', 'knight errant', 'knight', 'any specific titles such as Knight of the White Moon', 'caballero', 'Knight of the Wood', 'knights', 'caballero andante', 'cavaller']"
55,"A militia largely consisting of members of this ethnicity recently captured the world's largest supply of coltan, leading some to accuse Apple of war profiteering",0,"['Tutsi', 'Tutsis']"
55,The FDLR opposes a militia that is largely made up of people of this ethnic group,1,"['Tutsi', 'Tutsis']"
55,"In 2012, members of a militia largely made up of this ethnicity captured Goma; after losing it, that same militia encircled the same city in 2024",2,"['Tutsi', 'Tutsis']"
55,The M23 militia is largely composed of members of this ethnic group in the DRC and is supposedly supported by Paul Kagame,3,"['Tutsi', 'Tutsis']"
55,"Kwibuka is a day of national remembrance for members of this ethnic group killed after an order to ""cut down the tall trees",4,"['Tutsi', 'Tutsis']"
55,""" For 10 points, name this ethnic group that was the target of a 1994 genocide led by the Hutus in Rwanda",5,"['Tutsi', 'Tutsis']"
56,This thinker described three captive Fuegians who were trained in Western manners but abandoned them on their return home,0,"['Darwin', 'What Darwin Got Wrong', 'social Darwinism', ""Darwin's Dangerous Idea"", 'Charles Darwin']"
56,"Observations of spandrels were used to critique this thinker in the article ""Why Pigs Don't Have Wings",1,"['Darwin', 'What Darwin Got Wrong', 'social Darwinism', ""Darwin's Dangerous Idea"", 'Charles Darwin']"
56,""" Massimo Piatelli- Palmarini and Jerry Fodor co-wrote a book entitled What [this thinker] Got Wrong",2,"['Darwin', 'What Darwin Got Wrong', 'social Darwinism', ""Darwin's Dangerous Idea"", 'Charles Darwin']"
56,Michael Behe critiqued this thinker with the argument from irreducible complexity,3,"['Darwin', 'What Darwin Got Wrong', 'social Darwinism', ""Darwin's Dangerous Idea"", 'Charles Darwin']"
56,"Daniel Dennett contrasted ""cranes"" with ""skyhooks"" and called this thinker's worldview a ""universal acid"" in a book on his ""Dangerous Idea",4,"['Darwin', 'What Darwin Got Wrong', 'social Darwinism', ""Darwin's Dangerous Idea"", 'Charles Darwin']"
56,""" Herbert Spencer analyzed society through the lens of the struggle for survival described by this thinker",5,"['Darwin', 'What Darwin Got Wrong', 'social Darwinism', ""Darwin's Dangerous Idea"", 'Charles Darwin']"
56,"For 10 points, name this thinker who developed the theory of evolution by natural selection",6,"['Darwin', 'What Darwin Got Wrong', 'social Darwinism', ""Darwin's Dangerous Idea"", 'Charles Darwin']"
57,"K times r is much greater than one in this phenomenon's ""zone,"" so terms proportional to one over r squared are ignored",0,"['radiation', 'radiation zone', 'electromagnetic waves', 'light', 'electromagnetic radiation', 'radiation reaction force', 'radiation pressure']"
57,"It's not diffraction, but this phenomenon dominates in the far field",1,"['radiation', 'radiation zone', 'electromagnetic waves', 'light', 'electromagnetic radiation', 'radiation reaction force', 'radiation pressure']"
57,Objects producing this phenomenon slow via a reaction force named for Abraham and Lorentz,2,"['radiation', 'radiation zone', 'electromagnetic waves', 'light', 'electromagnetic radiation', 'radiation reaction force', 'radiation pressure']"
57,The power of this phenomenon is proportional to charge squared times acceleration squared by the Larmor formula,3,"['radiation', 'radiation zone', 'electromagnetic waves', 'light', 'electromagnetic radiation', 'radiation reaction force', 'radiation pressure']"
57,Applying curl-of-curl identities to Faraday's and Ampère's Laws yields two equations describing this phenomenon,4,"['radiation', 'radiation zone', 'electromagnetic waves', 'light', 'electromagnetic radiation', 'radiation reaction force', 'radiation pressure']"
57,One over the square root of mu nought epsilon nought equals this phenomenon's speed of propagation,5,"['radiation', 'radiation zone', 'electromagnetic waves', 'light', 'electromagnetic radiation', 'radiation reaction force', 'radiation pressure']"
57,"This phenomenon exerts a ""pressure"" harnessed by solar sails",6,"['radiation', 'radiation zone', 'electromagnetic waves', 'light', 'electromagnetic radiation', 'radiation reaction force', 'radiation pressure']"
57,"For 10 points, name this phenomenon in which the E and B fields carry energy",7,"['radiation', 'radiation zone', 'electromagnetic waves', 'light', 'electromagnetic radiation', 'radiation reaction force', 'radiation pressure']"
58,"In a story by this author, a ""girl with a pinafore"" passes Henry a telegram that ""spans a web of darkness over the cottage"" he rents with Edna",0,"['Mansfield', 'Murry', 'Katherine Mansfield', 'Katherine Mansfield Murry', 'Beauchamp', 'Katherine Mansfield Beauchamp']"
58,The shunned Kelvey children are shown a lamp in a dollhouse by this author's recurring character Kezia,1,"['Mansfield', 'Murry', 'Katherine Mansfield', 'Katherine Mansfield Murry', 'Beauchamp', 'Katherine Mansfield Beauchamp']"
58,"This author of Something Childish and Other Stories wrote about a girl who apologizes for her hat after seeing a ""wonderful, beautiful"" sleeping face in the house she runs out of",2,"['Mansfield', 'Murry', 'Katherine Mansfield', 'Katherine Mansfield Murry', 'Beauchamp', 'Katherine Mansfield Beauchamp']"
58,"In that story by this author, the protagonist is told to place a marquee ""bang slap in the eye",3,"['Mansfield', 'Murry', 'Katherine Mansfield', 'Katherine Mansfield Murry', 'Beauchamp', 'Katherine Mansfield Beauchamp']"
58,""" Godber's man delivers cream puffs in a story by this author about a girl who carries a basket of leftovers to a newly widowed woman",4,"['Mansfield', 'Murry', 'Katherine Mansfield', 'Katherine Mansfield Murry', 'Beauchamp', 'Katherine Mansfield Beauchamp']"
58,"Laura stammers ""Isn't life—"" in a story by, for 10 points, what New Zealand-born author of ""The Garden Party""?",5,"['Mansfield', 'Murry', 'Katherine Mansfield', 'Katherine Mansfield Murry', 'Beauchamp', 'Katherine Mansfield Beauchamp']"
59,"Before getting beheaded, one member of this family had his beard plucked out with a pair of tweezers that he had sent one ruler as a taunt of femininity",0,"['Cristóvão da Gama', 'Vasco da Gama', 'da Gama family', 'da Gama']"
59,That man from this family was captured at the Battle of Wofla by the forces of Ahmad Gragn,1,"['Cristóvão da Gama', 'Vasco da Gama', 'da Gama family', 'da Gama']"
59,A member of this family cut off the lips of a priest and sewed dog ears to his head during negotiations over expelling Muslims,2,"['Cristóvão da Gama', 'Vasco da Gama', 'da Gama family', 'da Gama']"
59,"The Adal invasion of Ethiopia was repelled with the aid of 400 musketeers under a member of this family, whose father looted the ship Miri and killed over 300 pilgrims",3,"['Cristóvão da Gama', 'Vasco da Gama', 'da Gama family', 'da Gama']"
59,"At Malindi, an explorer from this family erected a padrão before sailing to Calicut",4,"['Cristóvão da Gama', 'Vasco da Gama', 'da Gama family', 'da Gama']"
59,"For 10 points, give this Portuguese family, whose member Vasco was the first European to reach India by sea",5,"['Cristóvão da Gama', 'Vasco da Gama', 'da Gama family', 'da Gama']"
60,"A solo for this non-brass instrument makes up the final variation of the third movement of Haydn's ""Hornsignal"" symphony",0,"['double bass', 'bass', 'contrabass']"
60,A player of this instrument who conducted the premiere of Aida featured it in a Concerto Bravura and wrote a Grand Duo Concertante based on Bellini's I Puritani for two of them,1,"['double bass', 'bass', 'contrabass']"
60,"The oldest-known concerti for this instrument use its ""Viennese tuning"" based on the D major triad and are by Carl Ditters von Dittersdorf",2,"['double bass', 'bass', 'contrabass']"
60,"Giovanni Bottesini played this instrument, which replaces the second violin in Schubert's Trout Quintet",3,"['double bass', 'bass', 'contrabass']"
60,"This instrument may be a member of the viol family because when it does not have a low C extension, it is tuned in fourths",4,"['double bass', 'bass', 'contrabass']"
60,"For 10 points, name this string instrument pitched lower than a cello",5,"['double bass', 'bass', 'contrabass']"
61,The trial of the cross-dressing sex worker John Rykener fuelled this movement's charges of clerical sodomy,0,"['Wycliffite', 'Lollards', 'Lollardism', 'Wycliffites', 'Lollard', 'Lollardy']"
61,A bishop compared this movement's teachings to an earthquake that interrupted a synod convened to address it,1,"['Wycliffite', 'Lollards', 'Lollardism', 'Wycliffites', 'Lollard', 'Lollardy']"
61,"Members of this movement nailed their ""Twelve Conclusions"" to church doors and presented them before Parliament",2,"['Wycliffite', 'Lollards', 'Lollardism', 'Wycliffites', 'Lollard', 'Lollardy']"
61,"Henry V ordered John Oldcastle burned at the stake for leading a revolt by members of this movement, which opposed transubstantiation",3,"['Wycliffite', 'Lollards', 'Lollardism', 'Wycliffites', 'Lollard', 'Lollardy']"
61,"The name for this movement may have come from the Middle Dutch word for ""mumbler",4,"['Wycliffite', 'Lollards', 'Lollardism', 'Wycliffites', 'Lollard', 'Lollardy']"
61,""" While at Oxford, this movement's leader may have overseen the translation of the Middle English Bible, which bears his name",5,"['Wycliffite', 'Lollards', 'Lollardism', 'Wycliffites', 'Lollard', 'Lollardy']"
61,"For 10 points, name this Christian reformist movement in England led by John Wycliffe",6,"['Wycliffite', 'Lollards', 'Lollardism', 'Wycliffites', 'Lollard', 'Lollardy']"
62,"The word ""SAVE"" features prominently in a photograph of one of these businesses in Santa Fe in Robert Frank's The Americans",0,"['service station', 'filling station', 'gas', 'gas station']"
62,Paul Cadmus designed the costumes and sets for a 1937 ballet titled for one of these businesses with music by Virgil Thomson,1,"['service station', 'filling station', 'gas', 'gas station']"
62,Fire codes prevented Frank Lloyd Wright from adding a unique feature to the cantilevered copper roof of one of these buildings named for R,2,"['service station', 'filling station', 'gas', 'gas station']"
62,W,3,"['service station', 'filling station', 'gas', 'gas station']"
62,"Lindholm in Cloquet, Minnesota",4,"['service station', 'filling station', 'gas', 'gas station']"
62,Twenty-six of these businesses title the first photobook by Ed Ruscha,5,"['service station', 'filling station', 'gas', 'gas station']"
62,"In an Edward Hopper painting, a red Pegasus features on a logo for one of these businesses along a desolate road",6,"['service station', 'filling station', 'gas', 'gas station']"
62,"For 10 points, a scene from No Country for Old Men features Anton Chigurh flipping a coin at an example of what type of business named for Texaco?",7,"['service station', 'filling station', 'gas', 'gas station']"
63,Description acceptable,0,"['equivalents for measuring like calculating', 'distance around the Earth', 'calculating', ""measuring Earth's circumference"", 'estimating', 'distance around the Earth in place of circumference']"
63,"During the Islamic Golden Age, al-Buruni performed this act at the top of a mountain, though he could not improve upon the work of the al-Ma'mun expedition a century earlier",1,"['equivalents for measuring like calculating', 'distance around the Earth', 'calculating', ""measuring Earth's circumference"", 'estimating', 'distance around the Earth in place of circumference']"
63,Strabo and Pliny the Elder differ in recounting how Posidonius performed this act using the star Canopus,2,"['equivalents for measuring like calculating', 'distance around the Earth', 'calculating', ""measuring Earth's circumference"", 'estimating', 'distance around the Earth in place of circumference']"
63,"The work of bematists informed one instance of this act, which centered on inaccurate information of Syene being exactly at the Tropic of Cancer",3,"['equivalents for measuring like calculating', 'distance around the Earth', 'calculating', ""measuring Earth's circumference"", 'estimating', 'distance around the Earth in place of circumference']"
63,One instance of this act was inspired by observations of a gnomon,4,"['equivalents for measuring like calculating', 'distance around the Earth', 'calculating', ""measuring Earth's circumference"", 'estimating', 'distance around the Earth in place of circumference']"
63,"A distance of 5,000 stadia to Alexandria factored into Eratosthenes's remarkably accurate instance of this act",5,"['equivalents for measuring like calculating', 'distance around the Earth', 'calculating', ""measuring Earth's circumference"", 'estimating', 'distance around the Earth in place of circumference']"
63,"For 10 points, identify this task of calculating the value of pi times the Earth's diameter",6,"['equivalents for measuring like calculating', 'distance around the Earth', 'calculating', ""measuring Earth's circumference"", 'estimating', 'distance around the Earth in place of circumference']"
64,"It's not digesting cellulose, but some termites can perform this process using Treponema endosymbionts",0,"['nitrogen', 'fix nitrogen', 'nitrogen fix', 'nitrogen fixation', 'fixing nitrogen', 'fix']"
64,"In some filamentous species, this process is spatially separated into cells that have a hydrophobic glyco•lipid membrane to keep out oxygen",1,"['nitrogen', 'fix nitrogen', 'nitrogen fix', 'nitrogen fixation', 'fixing nitrogen', 'fix']"
64,This process occurs in differentiated anaerobic cells called hetero•cysts,2,"['nitrogen', 'fix nitrogen', 'nitrogen fix', 'nitrogen fixation', 'fixing nitrogen', 'fix']"
64,"When flavonoids are detected, lipo•poly•saccharides known as Nod factors are secreted to allow this process to begin in certain structures that contain leg•hemoglobin",3,"['nitrogen', 'fix nitrogen', 'nitrogen fix', 'nitrogen fixation', 'fixing nitrogen', 'fix']"
64,An enzyme with the cofactor FeMoCo performs this process in diazotrophic organisms such as rhizobia,4,"['nitrogen', 'fix nitrogen', 'nitrogen fix', 'nitrogen fixation', 'fixing nitrogen', 'fix']"
64,"A limiting nutrient is freed by breaking a triple bond in, for 10 points, what process performed in the root nodules of legumes?",5,"['nitrogen', 'fix nitrogen', 'nitrogen fix', 'nitrogen fixation', 'fixing nitrogen', 'fix']"
65,The 400th anniversary of a cult of this deity is commemorated on the Year 400 Stela from the 19th Dynasty,0,"['Temple of Set', 'Seth', 'Set animal', 'Set']"
65,"Michael Aquino, who was formerly in the Church of Satan, founded an occult religion named for worshiping this deity",1,"['Temple of Set', 'Seth', 'Set animal', 'Set']"
65,"The New Kingdom pharaoh who succeeded Ramses I had a name that directly translated to ""man of"" this deity",2,"['Temple of Set', 'Seth', 'Set animal', 'Set']"
65,"With no clear animal equivalent, this god's totemic animal is simply named [this god]-animal",3,"['Temple of Set', 'Seth', 'Set animal', 'Set']"
65,"This is the older of two deities who names a story about his Contendings with his nephew, in which this deity loses a boat race",4,"['Temple of Set', 'Seth', 'Set animal', 'Set']"
65,This god of Upper Egypt was viewed as an agent of chaos,5,"['Temple of Set', 'Seth', 'Set animal', 'Set']"
65,"For 10 points, name this deity who opposed his nephew Horus after killing and usurping his brother Osiris",6,"['Temple of Set', 'Seth', 'Set animal', 'Set']"
66,"A character in this story quotes Ptolemy's Almagest to say, ""Whosoever will not be warned by other men, by him shall other men be corrected",0,"[""The Wife of Bath's Prologue"", ""The Wife of Bath's Tale"", 'Wife of Bath']"
66,""" This story relates the tale of Midas to illustrate how it is tough for women to keep a secret",1,"[""The Wife of Bath's Prologue"", ""The Wife of Bath's Tale"", 'Wife of Bath']"
66,"A character in this story wins a favorable agreement through ""mastery"" and ""violence"" after tearing three pages from her husband's book and winning a fight that leaves her deaf in one ear",2,"[""The Wife of Bath's Prologue"", ""The Wife of Bath's Tale"", 'Wife of Bath']"
66,A newly married man in this story ponders if it is better to have a bride who is old and loyal or young and unfaithful,3,"[""The Wife of Bath's Prologue"", ""The Wife of Bath's Tale"", 'Wife of Bath']"
66,"In this story, a knight in King Arthur's court is given a reprieve from execution to determine what women most desire",4,"[""The Wife of Bath's Prologue"", ""The Wife of Bath's Tale"", 'Wife of Bath']"
66,"For 10 points, name this Canterbury Tale narrated by a woman who married five times",5,"[""The Wife of Bath's Prologue"", ""The Wife of Bath's Tale"", 'Wife of Bath']"
67,"The Brauroneion was a sanctuary to this deity in the Athenian Acropolis, which contained a statue of this deity around which women would drape clothing for aid",0,['Artemis']
67,This deity's epithet of Orthia names a sanctuary that contained an artifact that Orestes and Iphigenia allegedly stole from the Tauric land,1,['Artemis']
67,Young boys were whipped as they tried to collect cheese piled on an altar to this deity in Sparta,2,['Artemis']
67,"A version of this deity, viewed as an Anatolian goddess, was worshiped at a grand Temple along the coast of Ionia",3,['Artemis']
67,The Ephesian form of this deity was worshiped at a temple included in Antipater's list of the Seven Ancient Wonders,4,['Artemis']
67,"For 10 points, name this virgin Greek goddess of the hunt",5,['Artemis']
68,This person commissioned several paintings on the theme of Jerusalem Delivered for the ground floor of their apartment,0,"[""Marie de' Medici""]"
68,This person wears black and is gifted an orb of leadership on the right side of a painting in which they are advised by Prudence and Minerva,1,"[""Marie de' Medici""]"
68,"In another painting, this person is given a laurel crown as a symbol of concordia as they reconcile with their son in heaven",2,"[""Marie de' Medici""]"
68,"Jupiter and Juno watch on a cloud from above as this person's portrait is presented to their future husband, who also appears in black armor as this woman walks across a red carpet from a ship to the title city in The Disembarkation at Marseilles",3,"[""Marie de' Medici""]"
68,"For 10 points, name this French queen who commissioned a namesake cycle of 24 paintings from Peter Paul Rubens",4,"[""Marie de' Medici""]"
69,Astronomers from this empire studied five canons that included the Doctrine of the Romans and were studied by the scholar al-Biruni,0,"['Gupta Empire', 'Gupta dynasty', 'Gupta']"
69,A lunar calendar that begins in 57 BC was supposedly created by a legendary king of this empire who defeated the Shakas and based his capital in Ujjain,1,"['Gupta Empire', 'Gupta dynasty', 'Gupta']"
69,"James Legge translated the Foguoji, which details the journey taken to this empire's capital by the monk Faxian",2,"['Gupta Empire', 'Gupta dynasty', 'Gupta']"
69,"The invention of zero is often credited to Aryabhata, who lived in this empire",3,"['Gupta Empire', 'Gupta dynasty', 'Gupta']"
69,"The monk Xuanzang visited the lands of this empire after it was invaded by the Hephthalites, or White Huns",4,"['Gupta Empire', 'Gupta dynasty', 'Gupta']"
69,"This empire's ""golden age"" included the patronage of Kālidāsa and ran from the fourth to the sixth century CE",5,"['Gupta Empire', 'Gupta dynasty', 'Gupta']"
69,"For 10 points, name this Indian empire that succeeded the Mauryans",6,"['Gupta Empire', 'Gupta dynasty', 'Gupta']"
