question,answer
165, 朱元璋创立了这个王朝，后来成为洪武皇帝。 一个间谍网络是由这个朝代的永乐皇帝，在穆斯林的指挥下派遣了一系列的宝船队宦官郑和。这个王朝是汉人统治的最后一个王朝。为了10分，这是元朝之后的中国倒数第二个王朝，以花瓶闻名。这个王朝被前邮政工人李自成领的叛乱推翻了。
166, 请问你是哪个学期的作业？
167, 《三体》系列小说的第一部续集《黑暗森林》开始了一个新的故事，描述了“蚊子舰队”的形成和四名被选中参加“面壁者计划”的人的故事。 这部小说本身讲述了对一艘名为“审判日”的船只的袭击，导致了古怪的迈克·埃文斯的死亡。 在描述了诺伯特·韦纳在与海盗作战时的死后，约翰·冯·诺依曼为皇帝制造了一台“
168, 这个人是关羽。
169, 《寻找新家》
