answer,question
 Wellington,140
 Shanghai,141
 California.,142
" The state of Montana is the 48th densest area in the United States and is well known for its alpine hiking trails.  It is home to two large national parks, Glacier and Yellowstone, the latter of which has a color in its name.  Montana shares a name with the last name of a character in an American sitcom about a girl living a double life as a pop star.  For 10 points, name this northern US state whose capital is also a female name.",143
 Biscayne National Park,144
