answer,question
 Larry Bird,105
" The Baltimore Bullets were a basketball team that played in the NBA from 1944 to 1954. They were originally named the ""Baltimore Clippers"" but changed their name to the Bullets in 1951. The team's name was chosen to honor the city's shipbuilding industry, as the word ""bullet"" is often used to describe a fast-moving projectile. The Bullets were one of the original eight teams in the NBA and won the league championship in 1946-47. However, the team struggled financially and folded after the 1954 season.",106
 2022,107
" The common adjective in the nicknames of LeBron James and Luka Doncic is ""King"".",108
 Klay Thompson,109
