ID,Statement Number,Word Count,Sentence Number,Chunk ID,Chunk,Answer,Confidence Score,Answered?
0,0,10,1," After the success of Episode 1 – The Phantom Menace,",f9fd2ce2,Correct.,-2.75611825e-07,No
0,0,28,2," After the success of Episode 1 – The Phantom Menace, George Lucas released the special edition of the original Star Wars trilogy with a number of controversial changes,",cd91717d,"Um, actually, the Special Edition of the original Star Wars trilogy was released in 1997, which was before the release of Episode I – The Phantom Menace, not after its success.",-0.12937726572252564,Yes
1,1,10,1," Six Flags might have parks all over the country now,",e4289cbc,"Um, actually, Six Flags does not have parks ""all over the country"" as they do not operate in every state in the United States.",-0.2959830336827545,Yes
2,2,19,1," The original Planet of the Apes ends with a wild twist: A shot of the ruined Statue of Liberty,",c3e4ed92,Correct.,-4.5441732e-07,No
2,2,28,2," The original Planet of the Apes ends with a wild twist: A shot of the ruined Statue of Liberty, showing what we believe is an alien world is,",99dcb972,Correct.,-3.948155e-07,No
2,2,30,3," The original Planet of the Apes ends with a wild twist: A shot of the ruined Statue of Liberty, showing what we believe is an alien world is, in fact,",80be97ba,Correct.,-4.5441732e-07,No
2,2,31,4," The original Planet of the Apes ends with a wild twist: A shot of the ruined Statue of Liberty, showing what we believe is an alien world is, in fact, Earth.",c72c52db,Correct.,-3.948155e-07,No
2,2,52,5," The original Planet of the Apes ends with a wild twist: A shot of the ruined Statue of Liberty, showing what we believe is an alien world is, in fact, Earth. Tim Burton's 2001 remake updates this twist by making the planet an alien world but when Mark Wahlberg returns to Earth,",3cfce0de,Correct.,-5.140192e-07,No
2,2,62,6," The original Planet of the Apes ends with a wild twist: A shot of the ruined Statue of Liberty, showing what we believe is an alien world is, in fact, Earth. Tim Burton's 2001 remake updates this twist by making the planet an alien world but when Mark Wahlberg returns to Earth, he finds that the Statue of Liberty is an ape.",4be2d7cd,"Um, actually, the 2001 remake of *Planet of the Apes* does not depict the Statue of Liberty as an ape. Instead, it features a version of the Lincoln Memorial replaced by a statue of General Thade, an ape.",-0.14010458592357905,Yes
3,3,2,1," In Hades,",8193cc65,Correct.,-6.704273250000001e-07,No
3,3,12,2," In Hades, players control Zagreus as he attempts to escape the Underworld.",eea3679d,Correct.,-3.948155e-07,No
3,3,19,3," In Hades, players control Zagreus as he attempts to escape the Underworld. He battles through its levels of Tartarus,",ea9a9935,Correct.,-1.52725035e-06,No
3,3,20,4," In Hades, players control Zagreus as he attempts to escape the Underworld. He battles through its levels of Tartarus, Asphodel,",18021300,Correct.,-9.3123195e-07,No
3,3,36,5," In Hades, players control Zagreus as he attempts to escape the Underworld. He battles through its levels of Tartarus, Asphodel, Elysium and The Temple of Styx before a final boss battle on the surface in Greece.",4913ce53,"Um, actually, the final boss battle in *Hades* takes place on the surface outside the exit of the underworld, not explicitly in Greece.",-0.19319929330765648,Yes
4,4,13,1, Dungeons and Dragons has had several iterations since its creation in the 1970s.,20860662,Correct.,-6.3322285e-07,No
4,4,21,2," Dungeons and Dragons has had several iterations since its creation in the 1970s. It includes the first version of the game,",aec36442,Correct.,-2.9458111825e-05,No
4,4,45,3," Dungeons and Dragons has had several iterations since its creation in the 1970s. It includes the first version of the game, fittingly called First Edition; ""Second Edition,"" which along with the ""First Edition,"" was part of ""Advanced D&D,"" ""Third Edition 3.5E,"" also known as V.3.5,",f33e408a,"Um, actually, the first version of Dungeons & Dragons was not called ""First Edition"" but simply ""Dungeons & Dragons"" when it was released in 1974. The term ""First Edition"" is used retroactively and typically refers to ""Advanced Dungeons & Dragons,"" which was released in 1977.",-0.04756163421117276,Yes
5,5,10,1," Like the '90s series it serves as the sequel to,",b1300d0c,Correct.,-7.524265e-07,No
5,5,19,2," Like the '90s series it serves as the sequel to, ""X-Men '97"" adapts a dizzying number of classic comics,",1db210c8,Correct.,-3.948155e-07,No
5,5,20,3," Like the '90s series it serves as the sequel to, ""X-Men '97"" adapts a dizzying number of classic comics, including,",086e7c7f,Correct.,-5.140192e-07,No
5,5,22,4," Like the '90s series it serves as the sequel to, ""X-Men '97"" adapts a dizzying number of classic comics, including, most shockingly,",685dee6a,Correct.,-4.00812985e-06,No
5,5,37,5," Like the '90s series it serves as the sequel to, ""X-Men '97"" adapts a dizzying number of classic comics, including, most shockingly, ""E is for Extinction,"" a story where Magneto rips the metal out of Wolverine's body.",81918142,"Um, actually, ""X-Men '97"" does not adapt the comic story ""E is for Extinction,"" which is a storyline from the early 2000s focusing on Cassandra Nova and the destruction of Genosha, not Magneto ripping the metal out of Wolverine's body. Additionally, Magneto ripping the metal out of Wolverine's body occurs in the ""Fatal Attractions"" storyline from the 1990s, not ""E is for Extinction.""",-0.14391987244251783,Yes
6,6,1,1," Deadpool,",368d259d,Correct.,-1.0280383e-06,No
6,6,28,2," Deadpool, did you know that he knows he's a fictional character? Breaking the fourth wall has been a key character trait since the Merc with the Mouth's creation,",815bdaa6,"Um, actually, breaking the fourth wall was not a key character trait of Deadpool since his creation in 1991. This trait developed later, particularly during the 1997 *Deadpool* solo series by Joe Kelly.",-0.1431691940574072,Yes
7,7,15,1," The BBC series ""Doctor Who"" has bent many of its own rules over the years,",67dba555,Correct.,-4.5441732e-07,No
7,7,24,2," The BBC series ""Doctor Who"" has bent many of its own rules over the years, most recently allowing two Doctors to exist at once.",f2398746,Correct.,-0.0033587954357,No
7,7,27,3," The BBC series ""Doctor Who"" has bent many of its own rules over the years, most recently allowing two Doctors to exist at once. The 15th Doctor,",d133916b,Correct.,-4.5441732e-07,No
7,7,30,4," The BBC series ""Doctor Who"" has bent many of its own rules over the years, most recently allowing two Doctors to exist at once. The 15th Doctor, played Ncuti Gatwa,",5a76b8dc,Correct.,-4.5441732e-07,No
7,7,36,5," The BBC series ""Doctor Who"" has bent many of its own rules over the years, most recently allowing two Doctors to exist at once. The 15th Doctor, played Ncuti Gatwa, split off from the 10th Doctor,",7c412816,"Um, actually, the 15th Doctor, played by Ncuti Gatwa, does not split off from the 10th Doctor. The 15th Doctor follows the 14th Doctor, portrayed by David Tennant, in the regeneration sequence, and their coexistence is part of a unique storyline but unrelated to the 10th Doctor.",-0.18410453454133735,Yes
8,8,18,1," One of the terrifying joys of the ""Alien"" movie franchise is seeing what the face-hugging monsters impregnate next,",4c145fc9,Correct.,-3.948155e-07,No
8,8,25,2," One of the terrifying joys of the ""Alien"" movie franchise is seeing what the face-hugging monsters impregnate next, resulting in horrifying new kinds of Xenomorph.",1ece12fe,Correct.,-5.73621e-07,No
8,8,26,3," One of the terrifying joys of the ""Alien"" movie franchise is seeing what the face-hugging monsters impregnate next, resulting in horrifying new kinds of Xenomorph. People,",fc063f5a,Correct.,-1.52725035e-06,No
8,8,27,4," One of the terrifying joys of the ""Alien"" movie franchise is seeing what the face-hugging monsters impregnate next, resulting in horrifying new kinds of Xenomorph. People, dogs,",63ce8b0c,Correct.,-4.5441732e-07,No
8,8,36,5," One of the terrifying joys of the ""Alien"" movie franchise is seeing what the face-hugging monsters impregnate next, resulting in horrifying new kinds of Xenomorph. People, dogs, and the predators from ""Predator"" have all fallen victim,",38380ec4,"Um, actually, dogs have not been impregnated by face-hugging monsters in the ""Alien"" franchise. In ""Alien 3,"" a Xenomorph originates from a dog (in the theatrical cut) or an ox (in the special edition), but the impregnation by a facehugger itself is not shown or confirmed. Additionally, not every impregnation results in horrifying new kinds of Xenomorph—it varies depending on the host.",-0.35626037534698707,Yes
9,9,3,1," When cooking chicken,",060c1f35,Correct.,-8.120283e-07,No
9,9,11,2," When cooking chicken, it's not just the internal temperature that matters,",7aabd070,Correct.,-3.3521365e-07,No
9,9,18,3," When cooking chicken, it's not just the internal temperature that matters, but how long it maintains that temperature.",0c23fdc4,Correct.,-3.948155e-07,No
9,9,23,4," When cooking chicken, it's not just the internal temperature that matters, but how long it maintains that temperature. That's why you should make",b785229d,Correct.,-1.6240566750000001e-06,No
9,9,27,4," When cooking chicken, it's not just the internal temperature that matters, but how long it maintains that temperature. That's why you should make sure chicken reaches 165",84e772fa,Correct.,-0.06346534481550001,No
9,9,30,4," When cooking chicken, it's not just the internal temperature that matters, but how long it maintains that temperature. That's why you should make sure chicken reaches 165 degrees Fahrenheit before",60b360f8,Correct.,-0.0001161696015,No
9,9,36,4," When cooking chicken, it's not just the internal temperature that matters, but how long it maintains that temperature. That's why you should make sure chicken reaches 165 degrees Fahrenheit before taking it off the heat because",e7eca59a,"Um, actually, while 165 degrees Fahrenheit is the instant kill temperature for harmful bacteria like Salmonella, the statement is incorrect to say that the duration at 165°F matters—it is the lower temperatures, such as 155°F, where the duration becomes crucial for safety.",-0.6505851494845385,No
9,9,41,4," When cooking chicken, it's not just the internal temperature that matters, but how long it maintains that temperature. That's why you should make sure chicken reaches 165 degrees Fahrenheit before taking it off the heat because it has to stay that",7caa306a,"Um, actually, chicken does not need to stay at 165 degrees Fahrenheit after reaching that temperature. Once it reaches 165°F, it is safe to eat because harmful bacteria are killed instantly at that temperature.",-0.11033280675351786,Yes
