ID,Word Count,Statement,Answer,Confidence Score,Answered?
0,69,"As the original ""Invisible Man"", Jack Griffin dies at the end of the 1933 film. Universal decided to continue the franchise focusing on other invisible characters. Those films include ""Invisible Agent,"" where Griffin's grandson becomes invisible to fight Nazis, ""The Invisible Boy,"" where Griffin's great-grandson becomes invisible to fight an evil supercomputer, and ""The Invisible Woman"" where a former department store model becomes invisible to punish her former boss.",Error,-100,No
1,108,"In the D&D 5e dread adventure ""Curse of Strahd,"" several game mechanics play into the horror theme, making it not only scary for the players but also potentially frustrating. For instance, when Strahd von Zarovich is reduced to 0 hit points, he doesn't actually die but turns into mist and retreats to his coffin. The Mists of Ravenloft are a deadly fog surrounding the land of Barovia that magically prevent all characters and creatures from leaving. Spells cast with the purpose of leaving Barovia, like teleport, simply fail, and Strrahd's spies are meant to check in on the player characters each day and night they are in Barovia.",Error,-100,No
2,62,"Before 2015, Lucasfilm maintained an elaborate database called the Holocron that established five different levels of canon for all the officially licensed Star Wars movies, TV shows, and games. But in an Order-66 style purge, Disney demoted properties like the animated ""Star Wars: The Clone Wars"" TV show, the ""Star Wars Holiday Special"", and the General Thrawn novels to non-canon 'Legend' status.",Error,-100,No
3,44,"In Resident Evil 4, pleayers will be shocked to learn that the cult members of a village are not actually zombies, but actually hosts to parasitic organism known as ""Las Plagas"" which were developed by supporting protagonist Luis Sera and game antagonist Osmund Saddler.",Error,-100,No
4,72,"Earth--77013, the continuity depicted in the Amazing Spider-Man newspaper comic strip, featured a number of unique villains, including Clown-9, an actor enraged because he wasn't allowed to improv jokes in a Broadway play, and Hugo, a butler who knocked Spider-Man unconscious with a brick. Peter Parker also assumed the alternative identity Gown Man when, wearing only a very short hospital gown, he had to escape a doctor trying to steal his blood.",Error,-100,No
5,78,"While you probably know that Prince Adam uses the phrase ""By the Power of Greyskull"" to turn into He-Man, you may not remember the phrase he uses to turn from He-Man back into Prince Adam: ""Let the Power Return!"" That's because He-Man said it in only one episode of his 80's TV series. ""The Problem with Power,"" when he gave up being He-Man after Skeletor tricked him into thinking using his powers would cause Castle Greyskull to explode.",Error,-100,No
6,66,"During the first season of Blaseball (the absurdist baseball simulation horror game), the Commissioner opened the Book of Blaseball, also known as The Forbidden Book. As a result, there was a Solar Eclipse, the eyes of the umpires turned white, Jaylen Hotdogfingers was incinerated, a Hellmouth spawned and swallowed the Moab Desert, and the Discipline Era began. But everyone agreed, the Commissioner did a great job!",Error,-100,No
7,59,80's cartoons loved thrusting live-action sitcom characters into sci-fi and fantasy settings. Various animated spinoffs stranded Gilligan and the SS Minnow gang on an alien planet after their homemade rocket crashed; relocated Laverne and Shirley to Transylvania with a vampirre Squiggy; and sent the Fonz and his friends traveling to the future and past in a broken time machine.,Error,-100,No
8,51,"Early in the game Bloodborne, the player can find a note in losefka's Clinic that gives them their primary objective: ""Seek Paleblood to transcend the hunt."" Paleblood is one name for the optional final boss of the game, the Moon Presence, which is also believed to have a third name: Flora.",Error,-100,No
9,75,"Sewing a button back onto a shirt is a deceptively easy skill, but here are some tips to make it easier: Cut a long length of string to give yourself room, double knot the end of the string to keep it from coming through the fabric, always keep the string taut as you move between button holes, and pass the string through each button hole between 6-8 times to ensure it stays on this time!",Error,-100,No
10,63,"Zaphod Beeblebrox, an important character in ""The Hitchhiker's Guide to the Galaxy,"" invented a cocktail called the Pan-Galactic Gargle Blaster, decribed as ""the alcoholic equivalent of a mugging-- expensive and bad for the head."" It includes some wild ingredients, like the tooth of an Algolian Suntiger, three cubes of Arcturan Mega-gin, and strangest of all, you have to add a slice of lemon.",Error,-100,No
11,44,"Brian Jacques' ""Redwall"" series is known for its anthropomorphic critters, its fantastical adventures, and its feasts. Dishes like Shrewbread Bubbling Bobbs, and Deeper'n'Ever Turnip'n'Tater'n'Beetroot Pie appear in the books, and rabbits are notorious for eating portions well pass what would be expected of them.",Error,-100,No
12,59,"In Cathy Yan's ""Birds of Prey (And the Fantabulous Emancipation of One Harley Quinn),"" Harley describes the perfect egg sandwich: eggs, bacon, a soft buttered roll, American cheese at least 6 months out of date, and stray Armenian arm hair. Unfortunately, Harley never gets to eat one in the movie because Renne Montoya knocks it out of her hands.",Error,-100,No
13,57,"In ""Dragon Age: Origins,"" players and their companions can consume a variety of questionable brews. In addition to drinking the standard health potions, stamina draughts, and lyrium potions offered throughout the game, characters can gulp down such delicacies as Antivan brandy, dwarven regicide antidote, a vial of concentrated blood magic, and even a goblet of darkspawn blood.",Error,-100,No
14,51,"Over the history of the Star Trek universe, the Federation gets better and better at creating synthetic food. In Captain Pike's day, the food synthesizers build meals out of glucose matrix; by the 31st century depicted in Discovery, the Federation could craft near-perfect simulations of real food out of quantum foam.",Error,-100,No
15,62,"Blue milk is enjoyed in the Star Wars universe by heroes and villains alike. Luke Skywalker drank it as a teen on Tatooine in ""A New Hope"" and as an old man on Ahch-To in ""The Last Jedi,"" and when a disgraced Syril Karn had to move back to his mother's apartment in ""Andor,"" he often had it in his breakfast cereal.",Error,-100,No
16,43,"In ""Our Town,"" a particularly gruesome X-Files episode, Mulder and Scully investigate an Arkansas chicken processing plant, where human beings are slaughtered by the evil Cigarette Smoking Man and his allies in the Syndicate and turned into food slurry for future alien colonists.",Error,-100,No
17,54,"In slice-of-life movie ""Only Yesterday,"" Taeko recalls her father bringing home a pineapple, an exotic fruit that no one in the family knows how to curve. By the time they learn how to serve it, it's partially rotten and a huge disappointment. This happens in 1966, the same year the Beatles came to Japan.",Error,-100,No
18,70,"Despite appearing in 137 episodes of fandom-themed game show ""Um, Actually,"" Mike Trapp has only ever acquired 5 points.  Four were from season 4, episode 9, for questions on Power Rangers, The Sound of Music, 20,000 Leagues Under the Sea, and Star Wars. One is from season 5, epside 14, gifted to him by contestant James Willems, to make it clear that the episode had 3 winners and one loser.",Error,-100,No
19,49,"Although we've all seen old-timey shows where soldiers and pirates clean their wounds with whiskey, it's definitely not recommended. No matter how cool it might look to pour a hard liquor onto an open cut, only an isopropyl alcohol of 70% or higher should be used to clean wounds.",Error,-100,No
20,82,"While you've definitely heard the classic monster party song ""The Monster Mash,"" you may not know that the song's singer and creator, Bobby ""Boris"" Pickett, spent the rest of his career creating other monster-themed songs, including the ""Transylvania Twist,"" the ""Skully Gully,"" and the Christmas song ""Monster's Holiday,"" where the monsters try and rob Santa. His final song was the 1976 disco single ""King Kong (Your Song),"" which featured the immortal lyrics ""King Kong, King Kong, The White Man Done Your Wrong.""",Error,-100,No
21,61,"Only seven years after the team was first introduced in DC comics, The Justice League made their TV debut in 1967 as part of Filmmation's ""Superman/Aquaman Hour of Adventure"" show. However, this version of the team was all male, featuring Superman, The Atom, The Flash, Green Lantern, Hawkman and Aquaman. Wonder Woman wouldn't get her animated debut until 1973's ""Super Friends.""",Error,-100,No
22,53,"The SNES game The Legend of Zelda: A Link To The Past has our hero Link traveling between the light world and it's corresponding dark world locations. The Skeleton Forest is the Dark World's reflection of the Lost Woods, and the final battle is in Ganon's tower, which corresponds with Hyrule Castle Tower.",Error,-100,No
23,68,"Pinball was illegal in much of the country for many years due to its reputation as a gambling game. In 1976, Roger Sharpe demonstrated to a Manhattan court that Pinball had over the years become a game of skill by making a called shot that he himself considers pretty lucky. The ban in New York City was lifted immediately, and the rest of the country shortly followed suit.",Error,-100,No
24,40,"In the summer of 2023, the James Webb Space Telescope team at NASA discovered what looks like a ""question mark"" in the background of an image of two actively forming young stars named Herbig-Haro-46 & Herbig-Haro-47 in the Vela Constellation.",Error,-100,No
25,52,"Animal Crossing: New Horizon is the number two best selling game of all time on the Nintendo Switch, just after The Legend of Zelda: Breath of the Wild. It has sold more copies than every other Animal Crossing game combined, and in Japan, it is the best selling game of all time.",Error,-100,No
26,40,"Bugs Bunny didn't just deploy his famous drag personas for his own amusement. He also used them to arouse and befuddle various racists and would-be conquerors, including Napoleon, Adolf Hitler, a Confederate officer, and the ancient Germanic culture hero Siegfried.",Error,-100,No
27,65,"Mortal Kombat is beloved for its intense finishers, but it isn't all fatalities! A Quitality is an online-only finisher that makes the quitting player explode, Babalities turn the losing enemy into a smoking-hot babe, and Friendships are finishers that perform an act of kindness: Sub-Zero brings in an ice cream cart, Liu Kang disco dances, and Scorpion gives a big hug to a teddy bear.",Error,-100,No
28,59,"In the notorious gender-bending Star Trek: The Next Generation episode ""Angel One,"" the Enterprise visits the title planet, a matriarchy where women rule and men are subservient, and the crew must adapt to their local customs and clothing. However, the planet's leader, Beata, is shunned by her people after being caught making out with the overly manly Commander Riker.",Error,-100,No
29,61,"Removing makeup can be a real pain, but according to dermatologists, there are some ways to make it a little easier without hurting your skin. Using your hands instead of a washcloth can avoid irritating the skin, avoiding oil-based cleaners will keep your skin from becoming too oily, and micellar water does double duty in removing makeup and hydrating the skin.",Error,-100,No
30,48,"In the Halo video game series, the alien alliance known as the Covenant marks their history in the following order; The Age of Abandonment, The Age of Conflict, The Age of Reconciliation, The Age of Discovery, The Age of Conversion, The Age of Doubt, The Age of Reclamation.",Error,-100,No
31,73,"When the US company World Events Productions wanted to bring the Japanese anime ""Beast King GoLion"" to America under the name ""Voltron,"" there weren't enough episodes to syndicate the show in America. So they combined it with two other unrelated anime, ""Armored Fleet Dairugger XV"" and ""Lightspeed Electriod Albegas,"" which were renamed to ""Vehicle Team Voltron"" and ""Gladiator Voltron,"" although the popularity of the GoLion series meant that they never used Gladiator Voltron.",Error,-100,No
32,55,"Conker's Bad Fur Day isn't your typical video game. You play as Conker, a squirrel, who starts the game hungover from a night of drinking. One of the bosses he fights is The Great Mighty Poo, who is an opera singing piece of feces with toilet paper rolls as teeth that lives in Poo Mountain.",Error,-100,No
33,42,"Bloons Tower Defense 6 is a game where you strategically place monkeys around a map and help defend against evil ballons known as Bloons. Monkey towers are divided into different categories, such as Primary Monkeys, Military Monkeys, Magic Monkeys, and Support Monkeys.",Error,-100,No
34,83,"In 1987, the G.I. Joe team almost had a surprising new member: Rocky Balboa! Yes, Hasbro planned to release a Rocky figure in the G.I. Joe toyline with Sylvester Stallone's likeness and a Cobra boxer for him to fight! And while neither figure was released, Rocky did get a Joe character profile in Marvel Comics' G.I. Joe Order of Battle #2, only for the next issue to have a retraction stating ""ROCKY is not and has never been a member of G.I. Joe.""",Error,-100,No
35,55,"Regardless of your class in Elden Ring, you play as a Depraved, a member of a group of outcasts who are meant to ascend to Elden Lordship. The Depraved are descended from the first Elden Lord Godfrey and his warriors after Marika deprived them of grace - but it is unknown why Marika exciled them.",Error,-100,No
36,64,"In the first episode of the 1980s cartoon Thundercats, ""Exodus,"" the nobility of the planet of Thundera is forced to escape their exploding planet in the Royal Flagship with little more than their ceremonial robes. Luckily, Thundera's greatest warrior, Jaga, is able to provide them with new uniforms and some unique weapons that will help them adapt to their newly adopted planet, Third Earth.",Error,-100,No
37,59,"Casper the Friendly Ghost's closest relatives are his uncles, the Ghostly Trio, originally named Fatso, Fusso, and Lazo then renamed Strech, Fatso, and Stinkie. The trio hates humans, whom they call ""fleshies"" and ""bonebags,"" but provided quite profitable for Harvey Comics, which claimed the Ghostbusters logo infringed on Fatso's likeness and won a $50 million lawsuit against Columbia Pictures.",Error,-100,No
38,60,"In 2008, a seemingly simple counting problem tore apart the Bodybuilding.com user forum. Users with names like ""scrawny2studly"" simply could not agree on the basic math of how many total reps you would rack up over multiple sets, leading to furious arguments and sick burns like ""On your way back from work, stop by a 2nd grade class and learn.""",Error,-100,No
39,58,"Whether it's from a wrestling match or an extremely intense DDR session, muscle injuries are the worst. After the injury, should you ice it, or heat it up? Turns out, both! You should ice your injuries for 20 minutes, followed immediately with a heat treatment. Heat can also be used on chronic conditions and regular aches and pains.",Error,-100,No
40,27,"On ""Doctor Who,"" The Doctor and his various companions travel through time on the TARDIS, with each episode focused on seeing Earth throughout many different time periods.",Error,-100,No
41,27,"In the first video game in the Resident Evil series, players fight off zombies and other creatures scientifically created in labs by Cyberdyne Systems in Raccoon City.",Error,-100,No
42,35,"When it comes to Superman, the letter ""L"" stands for ""love"". The hero's romantic entanglements include readhead Lana Lang, the blonde Kara Zor-El, who is his fellow Kryptonian, and of course the brunette Lois Lane.",Error,-100,No
43,57,"In Super Mario 64, Mario enters paintings in Princess Peach's Castle in order to collect the 120 Power Stars required to rescue the princess. Big Boo's Haunt is unique among the 15 main courses as the only level that Mario enters through an enemy. The level's entrance can be found inside a Boo enemy in the courtyard.",Error,-100,No
44,74,"The events of the ""John Wick"" film series, based on the graphic novel of the same name, begin with the death of a dog. Daisy is a puppy given to John by his wife, Helen, posthumously, because she knew that he would need help coping with his grief. When the dog is killed by a thug during a successful theft of John's Mustang, John Wick returns to his former life as an assassin/hit man.",Error,-100,No
45,56,"In the world of the Hitchhiker's Guide to the Galaxy, there are a lot of swear words, including ""joojooflop,"" ""swut,"" and ""turlingdrome."" But the most foul curse word anyone can imagine is ""Belgium,"" which cannot be published except in serious screenplays for artsy movies. Earth was destroyed because we named a country after this taboo word.",Error,-100,No
46,29,"Tabletop games like Dungeons and Dragons, Warhammer, Magic the Gathering, and Monopoly are all similar because they each require dice and miniatures that can move around during their gameplay.",Error,-100,No
47,68,"After being rescued from a pod full of goo designed to keep his brain his brain busy so the Machines could use him as part of a neural network they control, Neo learns that his whole life has been lived in a computer simulation called the Matrix. Soon after, he has kung fu powers uploaded to his mind and battles a series of sentient programs to free humanity.",Error,-100,No
48,63,"While the original Star Trek TV series theme song is iconic, many people don't realize that it actually has lyrics! The seldom-heard words, written by the song's composer Alexander Courage, include the immortal lines: 
Beyond the rim of the star light
My love is wondering in star flight
I know he'll find in star clustered reaches
Love, strange love, a star woman teaches",Error,-100,No
49,85,"Having trouble studying all those nerd-culture facts before Um, Actually? Try the Pomodoro Technique! Developed by Fanscesco Cirillo in the '80s, it originally used a tomato-shaped kitchen timer to help maintain focus while working or studying. You can set the timer for the standard pomodoro length of 55 minutes, and focus entirely on the task at hand. Once the timer rings, you get a 5-10 minute break before starting over. After repeating a ""set"" of four pomodoros, you get a long break of 20-30 minutes!",Error,-100,No
50,62,"When the King of All Cosmos drunkenly destroys the stars in Katamari Damacy, his actions don't go unnoticed on earth. The Hoshino Family observes news reports about disappearing stars as they travel to visit astronaut patriarch Tomino for a rocket launch. At the end of the game, they gather on the now-barren Earth to appreciate the new cosmos the Prince has created.",Error,-100,No
51,56,"The TV series Yellowjackets follows the Yellowjacket's girl's soccer team after a plane crash that strands them in the forest for 19 months. As the months drag on, more and more survivors die, including Laura Lee, who finds a small plane and tries to pilot it out of the wilderness, but crashes into a nearby lake.",Error,-100,No
52,24,"In ""Alien vs. Predator: Requiem,"" the Predator-Alien hybrid, aptly named the Predalien, makes its way to a hospital and impregnates a group of cheerleaders.",Error,-100,No
53,51,"The Metal Gear Solid series features many characters with particularly on the nose names related to their abilities. There's Decoy Octopus, a master of disguise, Vamp, a Romanian assassin with seemingly supernatural abilities, Psycho Mantis, a man with psychic abilities, and The Man on Fire, a man that is on fire.",Error,-100,No
54,41,"As the name implies, Linda Medley's graphic novel Castle Waiting takes place in Sleeping Beauty's formerly enchanted castle. The inhabitants include famous literary or legendary characters like Iron Henry, the golden-egg-laying goose, plague-mask-wearing Dr. Fell, and the bearded nun Saint Wilgefortis.",Error,-100,No
55,56,"After the success of Episode 1 – The Phantom Menace, George Lucas released the special edition of the original Star Wars trilogy with a number of controversial changes,  a CG Jabba the Hutt, for example, and most notoriously, a scene in the Tatooine cantina re-edited to show that the bounty hunter Greedo shot Han Solo first.",Error,-100,No
56,45,"Six Flags might have parks all over the country now, but it's named after its Texas roots. Six Flags refers to the flags of the six nations that have governed Texas: France, Spain, England, Mexico, The Republic of Texas, and the United States of America.",Error,-100,No
57,62,"The original Planet of the Apes ends with a wild twist: A shot of the ruined Statue of Liberty, showing what we believe is an alien world is, in fact, Earth. Tim Burton's 2001 remake updates this twist by making the planet an alien world but when Mark Wahlberg returns to Earth, he finds that the Statue of Liberty is an ape.",Error,-100,No
